<?xml version="1.0" encoding="UTF-8"?><record_update table="cmdb_identifier_entry">
    <cmdb_identifier_entry action="INSERT_OR_UPDATE">
        <active>true</active>
        <allow_fallback>false</allow_fallback>
        <allow_null_attribute>false</allow_null_attribute>
        <attributes>correlation_id</attributes>
        <condition/>
        <exact_count_match>false</exact_count_match>
        <identifier display_value="x_dynat_ruxit_software_service">1b21b3a4dbd46f00190bd92b5e961962</identifier>
        <order>100</order>
        <sys_class_name>cmdb_identifier_entry</sys_class_name>
        <sys_created_by>admin2</sys_created_by>
        <sys_created_on>2019-03-12 13:35:15</sys_created_on>
        <sys_id>0e6f83c7db8cb70088a33ebd7c961999</sys_id>
        <sys_mod_count>0</sys_mod_count>
        <sys_name/>
        <sys_package display_value="Dynatrace CMDB Integration" source="x_dynat_ruxit">9f77f7a94f9f1200dbec7bb28110c7c2</sys_package>
        <sys_policy/>
        <sys_scope display_value="Dynatrace CMDB Integration">9f77f7a94f9f1200dbec7bb28110c7c2</sys_scope>
        <sys_update_name>cmdb_identifier_entry_0e6f83c7db8cb70088a33ebd7c961999</sys_update_name>
        <sys_updated_by>admin2</sys_updated_by>
        <sys_updated_on>2019-03-12 13:35:15</sys_updated_on>
        <table>x_dynat_ruxit_software_service</table>
    </cmdb_identifier_entry>
</record_update>
