<?xml version="1.0" encoding="UTF-8"?><record_update table="cmdb_identifier">
    <cmdb_identifier action="INSERT_OR_UPDATE">
        <active>true</active>
        <applies_to>x_dynat_ruxit_process_group</applies_to>
        <description/>
        <independent>true</independent>
        <name>Process group identifier</name>
        <sys_class_name>cmdb_identifier</sys_class_name>
        <sys_created_by>admin</sys_created_by>
        <sys_created_on>2018-08-30 11:41:39</sys_created_on>
        <sys_id>07e0f3a4dbd46f00190bd92b5e9619a4</sys_id>
        <sys_mod_count>0</sys_mod_count>
        <sys_name>x_dynat_ruxit_process_group</sys_name>
        <sys_package display_value="Dynatrace CMDB Integration" source="x_dynat_ruxit">9f77f7a94f9f1200dbec7bb28110c7c2</sys_package>
        <sys_policy/>
        <sys_scope display_value="Dynatrace CMDB Integration">9f77f7a94f9f1200dbec7bb28110c7c2</sys_scope>
        <sys_update_name>cmdb_identifier_07e0f3a4dbd46f00190bd92b5e9619a4</sys_update_name>
        <sys_updated_by>admin</sys_updated_by>
        <sys_updated_on>2018-08-30 11:41:39</sys_updated_on>
    </cmdb_identifier>
</record_update>
