<?xml version="1.0" encoding="UTF-8"?><record_update table="gsw_change_log">
    <gsw_change_log action="INSERT_OR_UPDATE">
        <change_date>2018-06-20 10:56:49</change_date>
        <changed_by display_value="System Administrator">6816f79cc0a8016401c5a33be04be441</changed_by>
        <content display_value="Event Sources and Properties">81d7620f13e1120009c43d62f244b095</content>
        <related_change_log_entry/>
        <related_task_entry/>
        <sys_class_name>gsw_change_log</sys_class_name>
        <sys_created_by>admin</sys_created_by>
        <sys_created_on>2018-06-20 10:56:49</sys_created_on>
        <sys_id>69dd71b9dbf29300190bd92b5e9619de</sys_id>
        <sys_mod_count>0</sys_mod_count>
        <sys_name>2018-06-20 10:56:49</sys_name>
        <sys_package display_value="Dynatrace CMDB Integration" source="x_dynat_ruxit">9f77f7a94f9f1200dbec7bb28110c7c2</sys_package>
        <sys_policy/>
        <sys_scope display_value="Dynatrace CMDB Integration">9f77f7a94f9f1200dbec7bb28110c7c2</sys_scope>
        <sys_update_name>gsw_change_log_69dd71b9dbf29300190bd92b5e9619de</sys_update_name>
        <sys_updated_by>admin</sys_updated_by>
        <sys_updated_on>2018-06-20 10:56:49</sys_updated_on>
        <type>1</type>
    </gsw_change_log>
</record_update>
