<?xml version="1.0" encoding="UTF-8"?><record_update>
    <sys_ui_list parent="" relationship="" sys_domain="global" table="x_dynat_ruxit_affectedcis" version="2" view="">
        <sys_ui_list_element action="INSERT_OR_UPDATE">
            <average_value>false</average_value>
            <element>affected_ci</element>
            <list_id display_value="x_dynat_ruxit_affectedcis" element="NULL" name="x_dynat_ruxit_affectedcis" parent="NULL" relationship="NULL" sys_domain="global" view="Default view">b875831cdbe20700d5e7572e5e96191e</list_id>
            <max_value>false</max_value>
            <min_value>false</min_value>
            <position>0</position>
            <sum>false</sum>
            <sys_created_by>admin</sys_created_by>
            <sys_created_on>2017-11-16 17:51:58</sys_created_on>
            <sys_id>fc75831cdbe20700d5e7572e5e96191f</sys_id>
            <sys_mod_count>0</sys_mod_count>
            <sys_updated_by>admin</sys_updated_by>
            <sys_updated_on>2017-11-16 17:51:58</sys_updated_on>
        </sys_ui_list_element>
        <sys_ui_list_element action="INSERT_OR_UPDATE">
            <average_value>false</average_value>
            <element>import_set_run</element>
            <list_id display_value="x_dynat_ruxit_affectedcis" element="NULL" name="x_dynat_ruxit_affectedcis" parent="NULL" relationship="NULL" sys_domain="global" view="Default view">b875831cdbe20700d5e7572e5e96191e</list_id>
            <max_value>false</max_value>
            <min_value>false</min_value>
            <position>1</position>
            <sum>false</sum>
            <sys_created_by>admin</sys_created_by>
            <sys_created_on>2017-11-16 17:51:58</sys_created_on>
            <sys_id>f475831cdbe20700d5e7572e5e961920</sys_id>
            <sys_mod_count>0</sys_mod_count>
            <sys_updated_by>admin</sys_updated_by>
            <sys_updated_on>2017-11-16 17:51:58</sys_updated_on>
        </sys_ui_list_element>
        <sys_ui_list_element action="INSERT_OR_UPDATE">
            <average_value>false</average_value>
            <element>problem</element>
            <list_id display_value="x_dynat_ruxit_affectedcis" element="NULL" name="x_dynat_ruxit_affectedcis" parent="NULL" relationship="NULL" sys_domain="global" view="Default view">b875831cdbe20700d5e7572e5e96191e</list_id>
            <max_value>false</max_value>
            <min_value>false</min_value>
            <position>2</position>
            <sum>false</sum>
            <sys_created_by>admin</sys_created_by>
            <sys_created_on>2017-11-16 17:51:58</sys_created_on>
            <sys_id>7875831cdbe20700d5e7572e5e961920</sys_id>
            <sys_mod_count>0</sys_mod_count>
            <sys_updated_by>admin</sys_updated_by>
            <sys_updated_on>2017-11-16 17:51:58</sys_updated_on>
        </sys_ui_list_element>
        <sys_ui_list_element action="INSERT_OR_UPDATE">
            <average_value>false</average_value>
            <element>template_import_log</element>
            <list_id display_value="x_dynat_ruxit_affectedcis" element="NULL" name="x_dynat_ruxit_affectedcis" parent="NULL" relationship="NULL" sys_domain="global" view="Default view">b875831cdbe20700d5e7572e5e96191e</list_id>
            <max_value>false</max_value>
            <min_value>false</min_value>
            <position>3</position>
            <sum>false</sum>
            <sys_created_by>admin</sys_created_by>
            <sys_created_on>2017-11-16 17:51:58</sys_created_on>
            <sys_id>f875831cdbe20700d5e7572e5e961920</sys_id>
            <sys_mod_count>0</sys_mod_count>
            <sys_updated_by>admin</sys_updated_by>
            <sys_updated_on>2017-11-16 17:51:58</sys_updated_on>
        </sys_ui_list_element>
        <sys_ui_list action="INSERT_OR_UPDATE">
            <average_value>false</average_value>
            <element/>
            <max_value>false</max_value>
            <min_value>false</min_value>
            <name>x_dynat_ruxit_affectedcis</name>
            <parent/>
            <position/>
            <relationship/>
            <sum>false</sum>
            <sys_class_name>sys_ui_list</sys_class_name>
            <sys_created_by>admin</sys_created_by>
            <sys_created_on>2017-11-16 17:51:58</sys_created_on>
            <sys_domain>global</sys_domain>
            <sys_domain_path>/</sys_domain_path>
            <sys_id>b875831cdbe20700d5e7572e5e96191e</sys_id>
            <sys_mod_count>0</sys_mod_count>
            <sys_name>x_dynat_ruxit_affectedcis</sys_name>
            <sys_package display_value="Dynatrace CMDB Integration" source="x_dynat_ruxit">9f77f7a94f9f1200dbec7bb28110c7c2</sys_package>
            <sys_policy/>
            <sys_scope display_value="Dynatrace CMDB Integration">9f77f7a94f9f1200dbec7bb28110c7c2</sys_scope>
            <sys_update_name>sys_ui_list_x_dynat_ruxit_affectedcis_null</sys_update_name>
            <sys_updated_by>admin</sys_updated_by>
            <sys_updated_on>2017-11-16 17:51:58</sys_updated_on>
            <sys_user/>
            <view display_value="Default view" name="NULL">Default view</view>
            <view_name/>
        </sys_ui_list>
    </sys_ui_list>
</record_update>
