<?xml version="1.0" encoding="UTF-8"?><record_update table="sys_properties">
    <sys_properties action="INSERT_OR_UPDATE">
        <choices/>
        <description>Use custom names when importing CIs into the CMDB (false means that OneAgent autodisovered names are used)</description>
        <ignore_cache>false</ignore_cache>
        <is_private>false</is_private>
        <name>x_dynat_ruxit.use_customized_names</name>
        <read_roles>admin,x_dynat_ruxit.Integration</read_roles>
        <suffix>use_customized_names</suffix>
        <sys_class_name>sys_properties</sys_class_name>
        <sys_created_by>admin2</sys_created_by>
        <sys_created_on>2019-03-18 09:27:46</sys_created_on>
        <sys_id>662095c5db94370088a33ebd7c961959</sys_id>
        <sys_mod_count>4</sys_mod_count>
        <sys_name>x_dynat_ruxit.use_customized_names</sys_name>
        <sys_package display_value="Dynatrace CMDB Integration" source="x_dynat_ruxit">9f77f7a94f9f1200dbec7bb28110c7c2</sys_package>
        <sys_policy/>
        <sys_scope display_value="Dynatrace CMDB Integration">9f77f7a94f9f1200dbec7bb28110c7c2</sys_scope>
        <sys_update_name>sys_properties_662095c5db94370088a33ebd7c961959</sys_update_name>
        <sys_updated_by>admin2</sys_updated_by>
        <sys_updated_on>2019-03-18 14:06:13</sys_updated_on>
        <type>boolean</type>
        <value>true</value>
        <write_roles>admin,x_dynat_ruxit.Integration</write_roles>
    </sys_properties>
    <sys_translated_text action="delete_multiple" query="documentkey=662095c5db94370088a33ebd7c961959"/>
</record_update>
