<?xml version="1.0" encoding="UTF-8"?><record_update table="sys_transform_entry">
    <sys_transform_entry action="INSERT_OR_UPDATE">
        <choice_action>create</choice_action>
        <coalesce>false</coalesce>
        <coalesce_case_sensitive>false</coalesce_case_sensitive>
        <coalesce_empty_fields>false</coalesce_empty_fields>
        <date_format>yyyy-MM-dd HH:mm:ss</date_format>
        <map display_value="Affected CIs Transform Map">9c73dd904f2ff600dbec7bb28110c7ee</map>
        <reference_value_field/>
        <source_field>[Script]</source_field>
        <source_script><![CDATA[answer = (function transformEntry(source) {
	return "DYNATRACE"; 
})(source);]]></source_script>
        <source_table>x_dynat_ruxit_affectedcis</source_table>
        <sys_class_name>sys_transform_entry</sys_class_name>
        <sys_created_by>admin</sys_created_by>
        <sys_created_on>2017-06-20 06:30:35</sys_created_on>
        <sys_id>ba741d904f2ff600dbec7bb28110c760</sys_id>
        <sys_mod_count>0</sys_mod_count>
        <sys_name>[Script]</sys_name>
        <sys_package display_value="Dynatrace CMDB Integration" source="x_dynat_ruxit">9f77f7a94f9f1200dbec7bb28110c7c2</sys_package>
        <sys_policy/>
        <sys_scope display_value="Dynatrace CMDB Integration">9f77f7a94f9f1200dbec7bb28110c7c2</sys_scope>
        <sys_update_name>sys_transform_entry_ba741d904f2ff600dbec7bb28110c760</sys_update_name>
        <sys_updated_by>admin</sys_updated_by>
        <sys_updated_on>2017-06-20 06:30:35</sys_updated_on>
        <target_field>sys_tags</target_field>
        <target_table>task_ci</target_table>
        <use_source_script>true</use_source_script>
    </sys_transform_entry>
</record_update>
