<?xml version="1.0" encoding="UTF-8"?><record_update table="sys_properties_category_m2m">
    <sys_properties_category_m2m action="INSERT_OR_UPDATE">
        <category display_value="Dynatrace Properties">08c11a014ff7d600dbec7bb28110c74a</category>
        <order>500</order>
        <property display_value="x_dynat_ruxit.sync_field_name" name="x_dynat_ruxit.sync_field_name">a2eacbcfdb4cb70088a33ebd7c9619e6</property>
        <sys_class_name>sys_properties_category_m2m</sys_class_name>
        <sys_created_by>admin2</sys_created_by>
        <sys_created_on>2019-03-12 13:20:12</sys_created_on>
        <sys_id>69fb4f03db8cb70088a33ebd7c961962</sys_id>
        <sys_mod_count>4</sys_mod_count>
        <sys_name>x_dynat_ruxit.sync_field_name.Dynatrace Properties</sys_name>
        <sys_package display_value="Dynatrace CMDB Integration" source="x_dynat_ruxit">9f77f7a94f9f1200dbec7bb28110c7c2</sys_package>
        <sys_policy/>
        <sys_scope display_value="Dynatrace CMDB Integration">9f77f7a94f9f1200dbec7bb28110c7c2</sys_scope>
        <sys_update_name>sys_properties_category_m2m_69fb4f03db8cb70088a33ebd7c961962</sys_update_name>
        <sys_updated_by>admin2</sys_updated_by>
        <sys_updated_on>2019-03-18 09:28:14</sys_updated_on>
    </sys_properties_category_m2m>
</record_update>
