<?xml version="1.0" encoding="UTF-8"?><record_update table="sys_transform_map">
    <sys_transform_map action="INSERT_OR_UPDATE">
        <active>true</active>
        <copy_empty_fields>false</copy_empty_fields>
        <enforce_mandatory_fields>No</enforce_mandatory_fields>
        <name>Affected CIs Transform Map</name>
        <order>100</order>
        <run_business_rules>false</run_business_rules>
        <run_script>false</run_script>
        <script><![CDATA[(function transformRow(source, target, map, log, isUpdate) {

	// Add your code here

})(source, target, map, log, action==="update");]]></script>
        <source_table>x_dynat_ruxit_affectedcis</source_table>
        <sys_class_name>sys_transform_map</sys_class_name>
        <sys_created_by>admin</sys_created_by>
        <sys_created_on>2017-06-20 06:28:29</sys_created_on>
        <sys_id>9c73dd904f2ff600dbec7bb28110c7ee</sys_id>
        <sys_mod_count>1</sys_mod_count>
        <sys_name>Affected CIs Transform Map</sys_name>
        <sys_package display_value="Dynatrace CMDB Integration" source="x_dynat_ruxit">9f77f7a94f9f1200dbec7bb28110c7c2</sys_package>
        <sys_policy/>
        <sys_scope display_value="Dynatrace CMDB Integration">9f77f7a94f9f1200dbec7bb28110c7c2</sys_scope>
        <sys_update_name>sys_transform_map_9c73dd904f2ff600dbec7bb28110c7ee</sys_update_name>
        <sys_updated_by>admin</sys_updated_by>
        <sys_updated_on>2017-06-20 15:13:20</sys_updated_on>
        <target_table>task_ci</target_table>
    </sys_transform_map>
</record_update>
