<?xml version="1.0" encoding="UTF-8"?><record_update table="sys_security_acl_role">
    <sys_security_acl_role action="INSERT_OR_UPDATE">
        <sys_class_name>sys_security_acl_role</sys_class_name>
        <sys_created_by>admin2</sys_created_by>
        <sys_created_on>2018-11-08 15:03:54</sys_created_on>
        <sys_id>ab7e74d3db29238088a33ebd7c9619e7</sys_id>
        <sys_mod_count>0</sys_mod_count>
        <sys_name>dynatrace.x_dynat_ruxit.user</sys_name>
        <sys_package display_value="Dynatrace CMDB Integration" source="x_dynat_ruxit">9f77f7a94f9f1200dbec7bb28110c7c2</sys_package>
        <sys_policy/>
        <sys_scope display_value="Dynatrace CMDB Integration">9f77f7a94f9f1200dbec7bb28110c7c2</sys_scope>
        <sys_security_acl display_value="dynatrace">916db893db29238088a33ebd7c9619f6</sys_security_acl>
        <sys_update_name>sys_security_acl_role_ab7e74d3db29238088a33ebd7c9619e7</sys_update_name>
        <sys_updated_by>admin2</sys_updated_by>
        <sys_updated_on>2018-11-08 15:03:54</sys_updated_on>
        <sys_user_role display_value="x_dynat_ruxit.user" name="x_dynat_ruxit.user">677773e94f9f1200dbec7bb28110c79e</sys_user_role>
        <transaction_id/>
    </sys_security_acl_role>
</record_update>
