<?xml version="1.0" encoding="UTF-8"?><record_update>
    <sys_documentation element="problem" label="Problem" language="en" table="x_dynat_ruxit_affectedcis">
        <sys_documentation action="INSERT_OR_UPDATE">
            <element>problem</element>
            <help/>
            <hint/>
            <label>Problem</label>
            <language>en</language>
            <name>x_dynat_ruxit_affectedcis</name>
            <plural>Problems</plural>
            <sys_class_name>sys_documentation</sys_class_name>
            <sys_created_by>admin</sys_created_by>
            <sys_created_on>2017-06-06 13:46:46</sys_created_on>
            <sys_id>3f22b2bb4f4f3200dbec7bb28110c7b2</sys_id>
            <sys_mod_count>0</sys_mod_count>
            <sys_name>Problem</sys_name>
            <sys_package display_value="Dynatrace CMDB Integration" source="x_dynat_ruxit">9f77f7a94f9f1200dbec7bb28110c7c2</sys_package>
            <sys_policy/>
            <sys_scope display_value="Dynatrace CMDB Integration">9f77f7a94f9f1200dbec7bb28110c7c2</sys_scope>
            <sys_update_name>sys_documentation_x_dynat_ruxit_affectedcis_problem_en</sys_update_name>
            <sys_updated_by>admin</sys_updated_by>
            <sys_updated_on>2017-06-06 13:46:46</sys_updated_on>
            <url/>
            <url_target/>
        </sys_documentation>
    </sys_documentation>
</record_update>
