<?xml version="1.0" encoding="UTF-8"?><record_update table="sys_scope_table_access">
    <sys_scope_table_access action="INSERT_OR_UPDATE">
        <create_access>false</create_access>
        <delete_access>false</delete_access>
        <example_stack_trace>Default-thread-1905
	com.glide.sys.fencing.dependency.ScopeAccessProvider$ScopeAccessCache.getCurrentStackTrace(ScopeAccessProvider.java:231)
	com.glide.sys.fencing.dependency.ScopeAccessProvider$ScopeAccessCache.record(ScopeAccessProvider.java:200)
	com.glide.sys.fencing.dependency.ScopeAccessProvider$ScopeAccessCache.access$100(ScopeAccessProvider.java:80)
	com.glide.sys.fencing.dependency.ScopeAccessProvider.recordAccess(ScopeAccessProvider.java:63)
	com.glide.sys.fencing.dependency.ScopeAccessRecorder.record(ScopeAccessRecorder.java:13)
	com.glide.script.fencing.access.ScopedTableAccess.hasRightsTo(ScopedTableAccess.java:89)
	com.glide.script.fencing.access.ScopedTableAccess.hasRightsToTable(ScopedTableAccess.java:39)
	com.glide.script.fencing.ScopedGlideRecord.jsFunction_query(ScopedGlideRecord.java:157)
	sun.reflect.GeneratedMethodAccessor250.invoke(Unknown Source)
	sun.reflect.DelegatingMethodAccessorImpl.invoke(DelegatingMethodAccessorImpl.java:43)
	java.lang.reflect.Method.invoke(Method.java:498)
	org.mozilla.javascript.FunctionObject.doInvoke(FunctionObject.java:597)
	org.mozilla.javascript.FunctionObject.call(FunctionObject.java:504)
	org.mozilla.javascript.ScriptRuntime.call(ScriptRuntime.java:1227)
	org.mozilla.javascript.gen.c5499.call(sys_ws_operation.4c55e2dd4fbbd600dbec7bb28110c7da:140)
	org.mozilla.javascript.ScriptRuntime.call(ScriptRuntime.java:1227)
	org.mozilla.javascript.gen.c5500.call(sys_ws_operation.4c55e2dd4fbbd600dbec7bb28110c7da:1)
	org.mozilla.javascript.gen.c5500.exec(sys_ws_operation.4c55e2dd4fbbd600dbec7bb28110c7da)
	com.glide.script.ScriptEvaluator.execute(ScriptEvaluator.java:233)
	com.glide.script.ScriptEvaluator.evaluateString(ScriptEvaluator.java:105)
	com.glide.script.ScriptEvaluator.evaluateString(ScriptEvaluator.java:72)
	com.glide.script.fencing.GlideScopedEvaluator.evaluateScript(GlideScopedEvaluator.java:318)
	com.glide.script.fencing.GlideScopedEvaluator.evaluateScript(GlideScopedEvaluator.java:283)
	com.glide.script.fencing.GlideScopedEvaluator.evaluateScript(GlideScopedEvaluator.java:254)
	com.glide.script.fencing.GlideScopedEvaluator.evaluateScript(GlideScopedEvaluator.java:242)
	com.glide.rest.service.custom.CustomService.runScript(CustomService.java:95)
	com.glide.rest.service.custom.CustomService.execute(CustomService.java:82)
	com.glide.rest.handler.impl.ServiceHandlerImpl.invokeService(ServiceHandlerImpl.java:36)
	com.glide.rest.processors.RESTAPIProcessor.process(RESTAPIProcessor.java:217)
	com.glide.processors.AProcessor.runProcessor(AProcessor.java:409)
	com.glide.processors.AProcessor.processTransaction(AProcessor.java:183)
	com.glide.processors.ProcessorRegistry.process(ProcessorRegistry.java:165)
	com.glide.ui.GlideServletTransaction.process(GlideServletTransaction.java:32)
	com.glide.sys.ServletTransaction.run(ServletTransaction.java:34)
	java.util.concurrent.ThreadPoolExecutor.runWorker(ThreadPoolExecutor.java:1142)
	java.util.concurrent.ThreadPoolExecutor$Worker.run(ThreadPoolExecutor.java:617)
	java.lang.Thread.run(Thread.java:745)
</example_stack_trace>
        <read_access>true</read_access>
        <source_scope display_value="Dynatrace CMDB Integration">9f77f7a94f9f1200dbec7bb28110c7c2</source_scope>
        <sys_class_name>sys_scope_table_access</sys_class_name>
        <sys_created_by>Admin</sys_created_by>
        <sys_created_on>2017-05-10 12:29:22</sys_created_on>
        <sys_id>fa8d53474f62b240dbec7bb28110c705</sys_id>
        <sys_mod_count>0</sys_mod_count>
        <sys_name>cmdb_ci</sys_name>
        <sys_package display_value="Dynatrace CMDB Integration" source="x_dynat_ruxit">9f77f7a94f9f1200dbec7bb28110c7c2</sys_package>
        <sys_policy/>
        <sys_scope display_value="Dynatrace CMDB Integration">9f77f7a94f9f1200dbec7bb28110c7c2</sys_scope>
        <sys_update_name>sys_scope_table_access_fa8d53474f62b240dbec7bb28110c705</sys_update_name>
        <sys_updated_by>Admin</sys_updated_by>
        <sys_updated_on>2017-05-10 12:29:22</sys_updated_on>
        <table_name>cmdb_ci</table_name>
        <target_scope display_value="Global">global</target_scope>
        <write_access>false</write_access>
    </sys_scope_table_access>
</record_update>
