<?xml version="1.0" encoding="UTF-8"?><record_update table="sys_properties_category">
    <sys_properties_category action="INSERT_OR_UPDATE">
        <name>Dynatrace Properties</name>
        <sys_class_name>sys_properties_category</sys_class_name>
        <sys_created_by>admin</sys_created_by>
        <sys_created_on>2016-06-02 12:47:38</sys_created_on>
        <sys_id>08c11a014ff7d600dbec7bb28110c74a</sys_id>
        <sys_mod_count>3</sys_mod_count>
        <sys_name>Dynatrace Properties</sys_name>
        <sys_package display_value="Dynatrace CMDB Integration" source="x_dynat_ruxit">9f77f7a94f9f1200dbec7bb28110c7c2</sys_package>
        <sys_policy/>
        <sys_scope display_value="Dynatrace CMDB Integration">9f77f7a94f9f1200dbec7bb28110c7c2</sys_scope>
        <sys_update_name>sys_properties_category_08c11a014ff7d600dbec7bb28110c74a</sys_update_name>
        <sys_updated_by>admin</sys_updated_by>
        <sys_updated_on>2016-07-22 06:58:56</sys_updated_on>
        <title><![CDATA[<p>Dynatrace properties</p>]]></title>
    </sys_properties_category>
    <sys_translated_text action="delete_multiple" query="documentkey=08c11a014ff7d600dbec7bb28110c74a"/>
</record_update>
