<?xml version="1.0" encoding="UTF-8"?><record_update table="sys_db_object">
    <sys_db_object action="INSERT_OR_UPDATE">
        <access>public</access>
        <actions_access>true</actions_access>
        <alter_access>true</alter_access>
        <client_scripts_access>true</client_scripts_access>
        <configuration_access>true</configuration_access>
        <create_access>true</create_access>
        <create_access_controls>true</create_access_controls>
        <delete_access>true</delete_access>
        <extension_model/>
        <is_extendable>false</is_extendable>
        <label>Environments</label>
        <live_feed_enabled>false</live_feed_enabled>
        <name>x_dynat_ruxit_environments</name>
        <number_ref/>
        <provider_class/>
        <read_access>true</read_access>
        <super_class/>
        <sys_class_code/>
        <sys_class_name>sys_db_object</sys_class_name>
        <sys_class_path/>
        <sys_created_by>admin</sys_created_by>
        <sys_created_on>2017-11-29 11:30:19</sys_created_on>
        <sys_id>2e8a2068db724f00d5e7572e5e9619a3</sys_id>
        <sys_mod_count>3</sys_mod_count>
        <sys_name>Environments</sys_name>
        <sys_package display_value="Dynatrace CMDB Integration" source="x_dynat_ruxit">9f77f7a94f9f1200dbec7bb28110c7c2</sys_package>
        <sys_policy/>
        <sys_scope display_value="Dynatrace CMDB Integration">9f77f7a94f9f1200dbec7bb28110c7c2</sys_scope>
        <sys_update_name>sys_db_object_2e8a2068db724f00d5e7572e5e9619a3</sys_update_name>
        <sys_updated_by>admin</sys_updated_by>
        <sys_updated_on>2017-11-30 09:55:26</sys_updated_on>
        <update_access>true</update_access>
        <user_role display_value="x_dynat_ruxit.Integration" name="x_dynat_ruxit.Integration">4c0702574fb75a00dbec7bb28110c7b2</user_role>
        <ws_access>true</ws_access>
    </sys_db_object>
</record_update>
