<?xml version="1.0" encoding="UTF-8"?><record_update table="sys_wizard_answer">
    <sys_wizard_answer action="INSERT_OR_UPDATE">
        <active>true</active>
        <answer>Process groups</answer>
        <button_label/>
        <dependent_value/>
        <element/>
        <name>Process groups</name>
        <next_question/>
        <order>100</order>
        <payload_name/>
        <question display_value="Base Configuration Item" name="Base Configuration Item">66698429db31230088a33ebd7c961957</question>
        <roles/>
        <script/>
        <sys_class_name>sys_wizard_answer</sys_class_name>
        <sys_created_by>admin</sys_created_by>
        <sys_created_on>2017-05-15 10:33:24</sys_created_on>
        <sys_id>f0f23c784fb23640dbec7bb28110c7e2</sys_id>
        <sys_mod_count>0</sys_mod_count>
        <sys_name>Process groups</sys_name>
        <sys_package display_value="Dynatrace CMDB Integration" source="x_dynat_ruxit">9f77f7a94f9f1200dbec7bb28110c7c2</sys_package>
        <sys_policy/>
        <sys_scope display_value="Dynatrace CMDB Integration">9f77f7a94f9f1200dbec7bb28110c7c2</sys_scope>
        <sys_update_name>sys_wizard_answer_f0f23c784fb23640dbec7bb28110c7e2</sys_update_name>
        <sys_updated_by>admin</sys_updated_by>
        <sys_updated_on>2017-05-15 10:33:24</sys_updated_on>
        <table/>
        <target_url>x_dynat_ruxit_process_groups.do</target_url>
        <type>1</type>
    </sys_wizard_answer>
</record_update>
