<?xml version="1.0" encoding="UTF-8"?><record_update table="sys_properties">
    <sys_properties action="INSERT_OR_UPDATE">
        <choices/>
        <description>Defines the name of the discovery source used to import CMDB configuration items</description>
        <ignore_cache>false</ignore_cache>
        <is_private>false</is_private>
        <name>x_dynat_ruxit.discovery_source</name>
        <read_roles>admin,x_dynat_ruxit.Integration</read_roles>
        <suffix>discovery_source</suffix>
        <sys_class_name>sys_properties</sys_class_name>
        <sys_created_by>admin2</sys_created_by>
        <sys_created_on>2019-03-16 17:32:18</sys_created_on>
        <sys_id>73bba460db10f30088a33ebd7c96194f</sys_id>
        <sys_mod_count>4</sys_mod_count>
        <sys_name>x_dynat_ruxit.discovery_source</sys_name>
        <sys_package display_value="Dynatrace CMDB Integration" source="x_dynat_ruxit">9f77f7a94f9f1200dbec7bb28110c7c2</sys_package>
        <sys_policy/>
        <sys_scope display_value="Dynatrace CMDB Integration">9f77f7a94f9f1200dbec7bb28110c7c2</sys_scope>
        <sys_update_name>sys_properties_73bba460db10f30088a33ebd7c96194f</sys_update_name>
        <sys_updated_by>admin2</sys_updated_by>
        <sys_updated_on>2019-03-16 19:18:09</sys_updated_on>
        <type>string</type>
        <value>DYNATRACE</value>
        <write_roles>admin,x_dynat_ruxit.Integration</write_roles>
    </sys_properties>
    <sys_translated_text action="delete_multiple" query="documentkey=73bba460db10f30088a33ebd7c96194f"/>
</record_update>
