<?xml version="1.0" encoding="UTF-8"?><record_update>
    <sys_documentation element="api_token" label="Api token" language="en" table="x_dynat_ruxit_environments">
        <sys_documentation action="INSERT_OR_UPDATE">
            <element>api_token</element>
            <help/>
            <hint/>
            <label>Api token</label>
            <language>en</language>
            <name>x_dynat_ruxit_environments</name>
            <plural>Api tokens</plural>
            <sys_class_name>sys_documentation</sys_class_name>
            <sys_created_by>admin</sys_created_by>
            <sys_created_on>2017-11-30 08:57:43</sys_created_on>
            <sys_id>eb615534dbfa4f00d5e7572e5e9619a7</sys_id>
            <sys_mod_count>0</sys_mod_count>
            <sys_name>Api token</sys_name>
            <sys_package display_value="Dynatrace CMDB Integration" source="x_dynat_ruxit">9f77f7a94f9f1200dbec7bb28110c7c2</sys_package>
            <sys_policy/>
            <sys_scope display_value="Dynatrace CMDB Integration">9f77f7a94f9f1200dbec7bb28110c7c2</sys_scope>
            <sys_update_name>sys_documentation_x_dynat_ruxit_environments_api_token_en</sys_update_name>
            <sys_updated_by>admin</sys_updated_by>
            <sys_updated_on>2017-11-30 08:57:43</sys_updated_on>
            <url/>
            <url_target/>
        </sys_documentation>
    </sys_documentation>
</record_update>
