<?xml version="1.0" encoding="UTF-8"?><record_update table="sys_security_acl_role">
    <sys_security_acl_role action="INSERT_OR_UPDATE">
        <sys_class_name>sys_security_acl_role</sys_class_name>
        <sys_created_by>admin</sys_created_by>
        <sys_created_on>2016-06-02 13:59:13</sys_created_on>
        <sys_id>d862e2454ff7d600dbec7bb28110c77b</sys_id>
        <sys_mod_count>0</sys_mod_count>
        <sys_name>x_dynat_ruxit_problems.x_dynat_ruxit.user</sys_name>
        <sys_package display_value="Dynatrace CMDB Integration" source="x_dynat_ruxit">9f77f7a94f9f1200dbec7bb28110c7c2</sys_package>
        <sys_policy/>
        <sys_scope display_value="Dynatrace CMDB Integration">9f77f7a94f9f1200dbec7bb28110c7c2</sys_scope>
        <sys_security_acl display_value="x_dynat_ruxit_problems">1062e2454ff7d600dbec7bb28110c77b</sys_security_acl>
        <sys_update_name>sys_security_acl_role_d862e2454ff7d600dbec7bb28110c77b</sys_update_name>
        <sys_updated_by>admin</sys_updated_by>
        <sys_updated_on>2016-06-02 13:59:13</sys_updated_on>
        <sys_user_role display_value="x_dynat_ruxit.user" name="x_dynat_ruxit.user">677773e94f9f1200dbec7bb28110c79e</sys_user_role>
        <transaction_id/>
    </sys_security_acl_role>
</record_update>
