<?xml version="1.0" encoding="UTF-8"?><record_update table="sys_security_acl">
    <sys_security_acl action="INSERT_OR_UPDATE">
        <active>true</active>
        <admin_overrides>true</admin_overrides>
        <advanced>false</advanced>
        <condition/>
        <description/>
        <name>Problem Notification</name>
        <operation display_value="execute">execute</operation>
        <script/>
        <sys_class_name>sys_security_acl</sys_class_name>
        <sys_created_by>admin</sys_created_by>
        <sys_created_on>2016-06-09 11:49:34</sys_created_on>
        <sys_id>9d97825b4fb75a00dbec7bb28110c7bd</sys_id>
        <sys_mod_count>4</sys_mod_count>
        <sys_name>Problem Notification</sys_name>
        <sys_package display_value="Dynatrace CMDB Integration" source="x_dynat_ruxit">9f77f7a94f9f1200dbec7bb28110c7c2</sys_package>
        <sys_policy/>
        <sys_scope display_value="Dynatrace CMDB Integration">9f77f7a94f9f1200dbec7bb28110c7c2</sys_scope>
        <sys_update_name>sys_security_acl_9d97825b4fb75a00dbec7bb28110c7bd</sys_update_name>
        <sys_updated_by>admin</sys_updated_by>
        <sys_updated_on>2016-10-05 07:13:34</sys_updated_on>
        <type display_value="REST_Endpoint">REST_Endpoint</type>
    </sys_security_acl>
</record_update>
