<?xml version="1.0" encoding="UTF-8"?><record_update table="sys_transform_entry">
    <sys_transform_entry action="INSERT_OR_UPDATE">
        <choice_action>create</choice_action>
        <coalesce>false</coalesce>
        <coalesce_case_sensitive>false</coalesce_case_sensitive>
        <coalesce_empty_fields>false</coalesce_empty_fields>
        <date_format>yyyy-MM-dd HH:mm:ss</date_format>
        <map display_value="Problem to Incident Transformation Map">a4867ed14ffbd600dbec7bb28110c7d3</map>
        <reference_value_field/>
        <source_field>[Script]</source_field>
        <source_script><![CDATA[answer = (function transformEntry(source) {
	if(source.problem_state == "OPEN") {
		return "";
	}
	else {
		// do not update the existing problem state if user disabled autoresolve incidents
		if(gs.getProperty('x_dynat_ruxit.autoresolveproblems') == 'true') {
			return "Dynatrace detected recovery";
		}
		else {
			return "";
		}
	}
})(source);]]></source_script>
        <source_table>x_dynat_ruxit_problems</source_table>
        <sys_class_name>sys_transform_entry</sys_class_name>
        <sys_created_by>wolfgang</sys_created_by>
        <sys_created_on>2018-10-17 08:47:32</sys_created_on>
        <sys_id>ad45dec8db9d6b40190bd92b5e96196c</sys_id>
        <sys_mod_count>3</sys_mod_count>
        <sys_name>[Script]</sys_name>
        <sys_package display_value="Dynatrace CMDB Integration" source="x_dynat_ruxit">9f77f7a94f9f1200dbec7bb28110c7c2</sys_package>
        <sys_policy/>
        <sys_scope display_value="Dynatrace CMDB Integration">9f77f7a94f9f1200dbec7bb28110c7c2</sys_scope>
        <sys_update_name>sys_transform_entry_ad45dec8db9d6b40190bd92b5e96196c</sys_update_name>
        <sys_updated_by>wolfgang</sys_updated_by>
        <sys_updated_on>2018-10-17 10:57:32</sys_updated_on>
        <target_field>close_notes</target_field>
        <target_table>incident</target_table>
        <use_source_script>true</use_source_script>
    </sys_transform_entry>
</record_update>
