<?xml version="1.0" encoding="UTF-8"?><record_update>
    <sys_documentation element="configuration_item" label="Configuration Item" language="en" table="x_dynat_ruxit_problems">
        <sys_documentation action="INSERT_OR_UPDATE">
            <element>configuration_item</element>
            <help/>
            <hint/>
            <label>Configuration Item</label>
            <language>en</language>
            <name>x_dynat_ruxit_problems</name>
            <plural>Configuration Items</plural>
            <sys_class_name>sys_documentation</sys_class_name>
            <sys_created_by>admin</sys_created_by>
            <sys_created_on>2016-08-01 18:56:28</sys_created_on>
            <sys_id>3fc5ac644f452a40dbec7bb28110c7bd</sys_id>
            <sys_mod_count>0</sys_mod_count>
            <sys_name>Configuration Item</sys_name>
            <sys_package display_value="Dynatrace CMDB Integration" source="x_dynat_ruxit">9f77f7a94f9f1200dbec7bb28110c7c2</sys_package>
            <sys_policy/>
            <sys_scope display_value="Dynatrace CMDB Integration">9f77f7a94f9f1200dbec7bb28110c7c2</sys_scope>
            <sys_update_name>sys_documentation_x_dynat_ruxit_problems_configuration_item_en</sys_update_name>
            <sys_updated_by>admin</sys_updated_by>
            <sys_updated_on>2016-08-01 18:56:28</sys_updated_on>
            <url/>
            <url_target/>
        </sys_documentation>
    </sys_documentation>
</record_update>
