<?xml version="1.0" encoding="UTF-8"?><record_update table="sys_security_acl">
    <sys_security_acl action="INSERT_OR_UPDATE">
        <active>true</active>
        <admin_overrides>true</admin_overrides>
        <advanced>false</advanced>
        <condition/>
        <description/>
        <name>x_dynat_ruxit_support</name>
        <operation display_value="read">read</operation>
        <script/>
        <sys_class_name>sys_security_acl</sys_class_name>
        <sys_created_by>admin2</sys_created_by>
        <sys_created_on>2018-11-08 15:08:39</sys_created_on>
        <sys_id>93deb4d3db29238088a33ebd7c9619d5</sys_id>
        <sys_mod_count>1</sys_mod_count>
        <sys_name>x_dynat_ruxit_support</sys_name>
        <sys_package display_value="Dynatrace CMDB Integration" source="x_dynat_ruxit">9f77f7a94f9f1200dbec7bb28110c7c2</sys_package>
        <sys_policy/>
        <sys_scope display_value="Dynatrace CMDB Integration">9f77f7a94f9f1200dbec7bb28110c7c2</sys_scope>
        <sys_update_name>sys_security_acl_93deb4d3db29238088a33ebd7c9619d5</sys_update_name>
        <sys_updated_by>admin2</sys_updated_by>
        <sys_updated_on>2018-11-08 15:27:07</sys_updated_on>
        <type display_value="ui_page">ui_page</type>
    </sys_security_acl>
</record_update>
