<?xml version="1.0" encoding="UTF-8"?><record_update sys_domain="global" table="sys_app_application">
    <sys_app_application action="INSERT_OR_UPDATE">
        <active>true</active>
        <category/>
        <description/>
        <device_type>browser</device_type>
        <hint/>
        <name>Ruxit</name>
        <order/>
        <roles>x_dynat_ruxit.user,x_dynat_ruxit.Integration</roles>
        <sys_class_name>sys_app_application</sys_class_name>
        <sys_created_by>admin</sys_created_by>
        <sys_created_on>2016-05-10 12:56:38</sys_created_on>
        <sys_domain>global</sys_domain>
        <sys_domain_path>/</sys_domain_path>
        <sys_id>af7773e94f9f1200dbec7bb28110c79d</sys_id>
        <sys_mod_count>7</sys_mod_count>
        <sys_name>Dynatrace</sys_name>
        <sys_overrides/>
        <sys_package display_value="Dynatrace CMDB Integration" source="x_dynat_ruxit">9f77f7a94f9f1200dbec7bb28110c7c2</sys_package>
        <sys_policy/>
        <sys_scope display_value="Dynatrace CMDB Integration">9f77f7a94f9f1200dbec7bb28110c7c2</sys_scope>
        <sys_update_name>sys_app_application_af7773e94f9f1200dbec7bb28110c79d</sys_update_name>
        <sys_updated_by>admin</sys_updated_by>
        <sys_updated_on>2017-06-30 06:40:51</sys_updated_on>
        <title>Dynatrace</title>
        <view_name/>
    </sys_app_application>
</record_update>
