<?xml version="1.0" encoding="UTF-8"?><record_update table="sys_properties">
    <sys_properties action="INSERT_OR_UPDATE">
        <choices/>
        <description>Activate to import Dynatrace monitored application services into your CMDB</description>
        <ignore_cache>false</ignore_cache>
        <is_private>false</is_private>
        <name>x_dynat_ruxit.import_application_services</name>
        <read_roles>admin,x_dynat_ruxit.Integration</read_roles>
        <suffix>import_application_services</suffix>
        <sys_class_name>sys_properties</sys_class_name>
        <sys_created_by>admin2</sys_created_by>
        <sys_created_on>2019-03-16 16:20:44</sys_created_on>
        <sys_id>357bd0e4db9cb30088a33ebd7c96198d</sys_id>
        <sys_mod_count>8</sys_mod_count>
        <sys_name>x_dynat_ruxit.import_application_services</sys_name>
        <sys_package display_value="Dynatrace CMDB Integration" source="x_dynat_ruxit">9f77f7a94f9f1200dbec7bb28110c7c2</sys_package>
        <sys_policy/>
        <sys_scope display_value="Dynatrace CMDB Integration">9f77f7a94f9f1200dbec7bb28110c7c2</sys_scope>
        <sys_update_name>sys_properties_357bd0e4db9cb30088a33ebd7c96198d</sys_update_name>
        <sys_updated_by>admin2</sys_updated_by>
        <sys_updated_on>2019-03-19 12:11:44</sys_updated_on>
        <type>boolean</type>
        <value>false</value>
        <write_roles>admin,x_dynat_ruxit.Integration</write_roles>
    </sys_properties>
    <sys_translated_text action="delete_multiple" query="documentkey=357bd0e4db9cb30088a33ebd7c96198d"/>
</record_update>
