<?xml version="1.0" encoding="UTF-8"?><record_update sys_domain="global" table="sys_app_module">
    <sys_app_module action="INSERT_OR_UPDATE">
        <active>true</active>
        <application display_value="Dynatrace">af7773e94f9f1200dbec7bb28110c79d</application>
        <assessment/>
        <content_page/>
        <device_type/>
        <filter table="sys_properties_category">sys_nameSTARTSWITHRuxit^EQ<item endquery="false" field="sys_name" goto="false" newquery="false" operator="STARTSWITH" or="false" value="Ruxit"/>
            <item endquery="true" field="" goto="false" newquery="false" operator="=" or="false" value=""/>
        </filter>
        <hint/>
        <homepage/>
        <image/>
        <link_type>DIRECT</link_type>
        <map_page/>
        <mobile_title>Ruxit Settings</mobile_title>
        <mobile_view_name>Mobile</mobile_view_name>
        <name>sys_properties_category</name>
        <order>2</order>
        <override_menu_roles>false</override_menu_roles>
        <query>/system_properties_ui.do?sysparm_category=Dynatrace%20Properties&amp;sysparm_title=Dynatrace%20Settings</query>
        <report/>
        <roles>admin,x_dynat_ruxit.Integration</roles>
        <sys_class_name>sys_app_module</sys_class_name>
        <sys_created_by>admin</sys_created_by>
        <sys_created_on>2016-06-02 12:57:08</sys_created_on>
        <sys_domain>global</sys_domain>
        <sys_domain_path>/</sys_domain_path>
        <sys_id>f7a3d2414ff7d600dbec7bb28110c72a</sys_id>
        <sys_mod_count>26</sys_mod_count>
        <sys_name>Settings</sys_name>
        <sys_overrides/>
        <sys_package display_value="Dynatrace CMDB Integration" source="x_dynat_ruxit">9f77f7a94f9f1200dbec7bb28110c7c2</sys_package>
        <sys_policy/>
        <sys_scope display_value="Dynatrace CMDB Integration">9f77f7a94f9f1200dbec7bb28110c7c2</sys_scope>
        <sys_update_name>sys_app_module_f7a3d2414ff7d600dbec7bb28110c72a</sys_update_name>
        <sys_updated_by>admin</sys_updated_by>
        <sys_updated_on>2017-11-30 09:30:10</sys_updated_on>
        <timeline_page/>
        <title>Settings</title>
        <uncancelable>false</uncancelable>
        <view_name>system_properties_ui.do</view_name>
        <window_name/>
    </sys_app_module>
</record_update>
