<?xml version="1.0" encoding="UTF-8"?><record_update table="sys_db_object">
    <sys_db_object action="INSERT_OR_UPDATE">
        <access>public</access>
        <actions_access>false</actions_access>
        <alter_access>false</alter_access>
        <client_scripts_access>false</client_scripts_access>
        <configuration_access>false</configuration_access>
        <create_access>false</create_access>
        <create_access_controls>true</create_access_controls>
        <delete_access>true</delete_access>
        <extension_model/>
        <is_extendable>false</is_extendable>
        <label>AffectedCIs</label>
        <live_feed_enabled>false</live_feed_enabled>
        <name>x_dynat_ruxit_affectedcis</name>
        <number_ref/>
        <provider_class/>
        <read_access>true</read_access>
        <super_class display_value="Import Set Row" name="sys_import_set_row">0be80c65db31230088a33ebd7c9619fa</super_class>
        <sys_class_code/>
        <sys_class_name>sys_db_object</sys_class_name>
        <sys_class_path/>
        <sys_created_by>admin</sys_created_by>
        <sys_created_on>2017-06-06 12:48:25</sys_created_on>
        <sys_id>8974ae7b4f4f3200dbec7bb28110c7e7</sys_id>
        <sys_mod_count>1</sys_mod_count>
        <sys_name>AffectedCIs</sys_name>
        <sys_package display_value="Dynatrace CMDB Integration" source="x_dynat_ruxit">9f77f7a94f9f1200dbec7bb28110c7c2</sys_package>
        <sys_policy/>
        <sys_scope display_value="Dynatrace CMDB Integration">9f77f7a94f9f1200dbec7bb28110c7c2</sys_scope>
        <sys_update_name>sys_db_object_8974ae7b4f4f3200dbec7bb28110c7e7</sys_update_name>
        <sys_updated_by>admin</sys_updated_by>
        <sys_updated_on>2017-06-20 15:11:06</sys_updated_on>
        <update_access>false</update_access>
        <user_role display_value="x_dynat_ruxit.user" name="x_dynat_ruxit.user">677773e94f9f1200dbec7bb28110c79e</user_role>
        <ws_access>true</ws_access>
    </sys_db_object>
</record_update>
