<?xml version="1.0" encoding="UTF-8"?><record_update table="sys_security_acl">
    <sys_security_acl action="INSERT_OR_UPDATE">
        <active>true</active>
        <admin_overrides>true</admin_overrides>
        <advanced>false</advanced>
        <condition/>
        <description/>
        <name>dynatrace</name>
        <operation display_value="execute">execute</operation>
        <script/>
        <sys_class_name>sys_security_acl</sys_class_name>
        <sys_created_by>admin2</sys_created_by>
        <sys_created_on>2018-11-08 15:03:33</sys_created_on>
        <sys_id>916db893db29238088a33ebd7c9619f6</sys_id>
        <sys_mod_count>0</sys_mod_count>
        <sys_name>dynatrace</sys_name>
        <sys_package display_value="Dynatrace CMDB Integration" source="x_dynat_ruxit">9f77f7a94f9f1200dbec7bb28110c7c2</sys_package>
        <sys_policy/>
        <sys_scope display_value="Dynatrace CMDB Integration">9f77f7a94f9f1200dbec7bb28110c7c2</sys_scope>
        <sys_update_name>sys_security_acl_916db893db29238088a33ebd7c9619f6</sys_update_name>
        <sys_updated_by>admin2</sys_updated_by>
        <sys_updated_on>2018-11-08 15:03:33</sys_updated_on>
        <type display_value="client_callable_script_include">client_callable_script_include</type>
    </sys_security_acl>
</record_update>
