<?xml version="1.0" encoding="UTF-8"?><record_update table="sys_security_acl">
    <sys_security_acl action="INSERT_OR_UPDATE">
        <active>true</active>
        <admin_overrides>true</admin_overrides>
        <advanced>false</advanced>
        <condition/>
        <description>Default access control on x_dynat_ruxit_problems</description>
        <name>x_dynat_ruxit_problems</name>
        <operation display_value="read">read</operation>
        <script/>
        <sys_class_name>sys_security_acl</sys_class_name>
        <sys_created_by>admin</sys_created_by>
        <sys_created_on>2016-06-02 13:59:13</sys_created_on>
        <sys_id>a462e2454ff7d600dbec7bb28110c77c</sys_id>
        <sys_mod_count>4</sys_mod_count>
        <sys_name>x_dynat_ruxit_problems</sys_name>
        <sys_package display_value="Dynatrace CMDB Integration" source="x_dynat_ruxit">9f77f7a94f9f1200dbec7bb28110c7c2</sys_package>
        <sys_policy/>
        <sys_scope display_value="Dynatrace CMDB Integration">9f77f7a94f9f1200dbec7bb28110c7c2</sys_scope>
        <sys_update_name>sys_security_acl_a462e2454ff7d600dbec7bb28110c77c</sys_update_name>
        <sys_updated_by>admin</sys_updated_by>
        <sys_updated_on>2016-10-05 07:13:34</sys_updated_on>
        <type display_value="record">record</type>
    </sys_security_acl>
</record_update>
