<?xml version="1.0" encoding="UTF-8"?><record_update table="sys_transform_map">
    <sys_transform_map action="INSERT_OR_UPDATE">
        <active>true</active>
        <copy_empty_fields>false</copy_empty_fields>
        <enforce_mandatory_fields>No</enforce_mandatory_fields>
        <name>Problem to Incident Transformation Map</name>
        <order>100</order>
        <run_business_rules>false</run_business_rules>
        <run_script>false</run_script>
        <script><![CDATA[(function transformRow(source, target, map, log, isUpdate) {

	// Add your code here

})(source, target, map, log, action==="update");]]></script>
        <source_table>x_dynat_ruxit_problems</source_table>
        <sys_class_name>sys_transform_map</sys_class_name>
        <sys_created_by>admin</sys_created_by>
        <sys_created_on>2016-06-03 10:06:41</sys_created_on>
        <sys_id>a4867ed14ffbd600dbec7bb28110c7d3</sys_id>
        <sys_mod_count>3</sys_mod_count>
        <sys_name>Problem to Incident Transformation Map</sys_name>
        <sys_package display_value="Dynatrace CMDB Integration" source="x_dynat_ruxit">9f77f7a94f9f1200dbec7bb28110c7c2</sys_package>
        <sys_policy/>
        <sys_scope display_value="Dynatrace CMDB Integration">9f77f7a94f9f1200dbec7bb28110c7c2</sys_scope>
        <sys_update_name>sys_transform_map_a4867ed14ffbd600dbec7bb28110c7d3</sys_update_name>
        <sys_updated_by>admin</sys_updated_by>
        <sys_updated_on>2017-06-20 15:14:12</sys_updated_on>
        <target_table>incident</target_table>
    </sys_transform_map>
</record_update>
