<?xml version="1.0" encoding="UTF-8"?><record_update sys_domain="global" table="sys_app_module">
    <sys_app_module action="INSERT_OR_UPDATE">
        <active>true</active>
        <application display_value="Dynatrace">af7773e94f9f1200dbec7bb28110c79d</application>
        <assessment/>
        <content_page/>
        <device_type/>
        <filter table="cmdb_ci_server">discovery_source=DYNATRACE^EQ<item endquery="false" field="discovery_source" goto="false" newquery="false" operator="=" or="false" value="DYNATRACE"/>
            <item endquery="true" field="" goto="false" newquery="false" operator="=" or="false" value=""/>
        </filter>
        <hint/>
        <homepage/>
        <image/>
        <link_type>LIST</link_type>
        <map_page/>
        <mobile_title>Synchronized hosts</mobile_title>
        <mobile_view_name>Mobile</mobile_view_name>
        <name>cmdb_ci_server</name>
        <order>7</order>
        <override_menu_roles>false</override_menu_roles>
        <query/>
        <report/>
        <roles>x_dynat_ruxit.user,x_dynat_ruxit.Integration</roles>
        <sys_class_name>sys_app_module</sys_class_name>
        <sys_created_by>admin</sys_created_by>
        <sys_created_on>2016-05-10 12:56:44</sys_created_on>
        <sys_domain>global</sys_domain>
        <sys_domain_path>/</sys_domain_path>
        <sys_id>788773e94f9f1200dbec7bb28110c7c3</sys_id>
        <sys_mod_count>13</sys_mod_count>
        <sys_name>Hosts</sys_name>
        <sys_overrides/>
        <sys_package display_value="Dynatrace CMDB Integration" source="x_dynat_ruxit">9f77f7a94f9f1200dbec7bb28110c7c2</sys_package>
        <sys_policy/>
        <sys_scope display_value="Dynatrace CMDB Integration">9f77f7a94f9f1200dbec7bb28110c7c2</sys_scope>
        <sys_update_name>sys_app_module_788773e94f9f1200dbec7bb28110c7c3</sys_update_name>
        <sys_updated_by>admin</sys_updated_by>
        <sys_updated_on>2017-06-30 06:43:12</sys_updated_on>
        <timeline_page/>
        <title>Hosts</title>
        <uncancelable>false</uncancelable>
        <view_name/>
        <window_name/>
    </sys_app_module>
</record_update>
