<?xml version="1.0" encoding="UTF-8"?><record_update table="sys_properties_category_m2m">
    <sys_properties_category_m2m action="INSERT_OR_UPDATE">
        <category display_value="Dynatrace Properties">08c11a014ff7d600dbec7bb28110c74a</category>
        <order>100</order>
        <property display_value="x_dynat_ruxit.autoresolveproblems" name="x_dynat_ruxit.autoresolveproblems">c3ff97014ff46640dbec7bb28110c72e</property>
        <sys_class_name>sys_properties_category_m2m</sys_class_name>
        <sys_created_by>admin</sys_created_by>
        <sys_created_on>2016-07-22 11:33:15</sys_created_on>
        <sys_id>7970e7014ff46640dbec7bb28110c7f2</sys_id>
        <sys_mod_count>3</sys_mod_count>
        <sys_name>x_dynat_ruxit.autoresolveproblems.Dynatrace Properties</sys_name>
        <sys_package display_value="Dynatrace CMDB Integration" source="x_dynat_ruxit">9f77f7a94f9f1200dbec7bb28110c7c2</sys_package>
        <sys_policy/>
        <sys_scope display_value="Dynatrace CMDB Integration">9f77f7a94f9f1200dbec7bb28110c7c2</sys_scope>
        <sys_update_name>sys_properties_category_m2m_7970e7014ff46640dbec7bb28110c7f2</sys_update_name>
        <sys_updated_by>wolfgang</sys_updated_by>
        <sys_updated_on>2018-10-18 08:24:06</sys_updated_on>
    </sys_properties_category_m2m>
</record_update>
