<?xml version="1.0" encoding="UTF-8"?><record_update table="sys_scope_table_access">
    <sys_scope_table_access action="INSERT_OR_UPDATE">
        <create_access>false</create_access>
        <delete_access>false</delete_access>
        <example_stack_trace>glide.scheduler.worker.2
	com.glide.sys.fencing.dependency.ScopeAccessProvider$ScopeAccessCache.getCurrentStackTrace(ScopeAccessProvider.java:231)
	com.glide.sys.fencing.dependency.ScopeAccessProvider$ScopeAccessCache.record(ScopeAccessProvider.java:200)
	com.glide.sys.fencing.dependency.ScopeAccessProvider$ScopeAccessCache.access$100(ScopeAccessProvider.java:80)
	com.glide.sys.fencing.dependency.ScopeAccessProvider.recordAccess(ScopeAccessProvider.java:63)
	com.glide.sys.fencing.dependency.ScopeAccessRecorder.record(ScopeAccessRecorder.java:13)
	com.glide.script.fencing.access.ScopedTableAccess.hasRightsTo(ScopedTableAccess.java:89)
	com.glide.script.fencing.access.ScopedTableAccess.hasRightsToTable(ScopedTableAccess.java:39)
	com.glide.script.fencing.ScopedGlideRecord.jsFunction_get(ScopedGlideRecord.java:167)
	sun.reflect.GeneratedMethodAccessor138.invoke(Unknown Source)
	sun.reflect.DelegatingMethodAccessorImpl.invoke(DelegatingMethodAccessorImpl.java:43)
	java.lang.reflect.Method.invoke(Method.java:498)
	org.mozilla.javascript.FunctionObject.doInvoke(FunctionObject.java:597)
	org.mozilla.javascript.FunctionObject.call(FunctionObject.java:504)
	org.mozilla.javascript.ScriptRuntime.call(ScriptRuntime.java:1227)
	org.mozilla.javascript.gen.c4154.call(&lt;refname&gt;:114)
	org.mozilla.javascript.gen.c4154.exec(&lt;refname&gt;)
	com.glide.script.ScriptEvaluator.execute(ScriptEvaluator.java:233)
	com.glide.script.ScriptEvaluator.evaluateString(ScriptEvaluator.java:105)
	com.glide.script.ScriptEvaluator.evaluateString(ScriptEvaluator.java:72)
	com.glide.script.ScriptEvaluator.evaluateString(ScriptEvaluator.java:63)
	com.glide.script.Evaluator.evaluateString(Evaluator.java:91)
	com.snc.automation.ScriptJob.execute(ScriptJob.java:38)
	com.glide.schedule.JobExecutor.execute(JobExecutor.java:80)
	com.glide.schedule.GlideScheduleWorker.executeJob(GlideScheduleWorker.java:201)
	com.glide.schedule.GlideScheduleWorker.process(GlideScheduleWorker.java:145)
	com.glide.schedule.GlideScheduleWorker.run(GlideScheduleWorker.java:60)
</example_stack_trace>
        <read_access>true</read_access>
        <source_scope display_value="Dynatrace CMDB Integration">9f77f7a94f9f1200dbec7bb28110c7c2</source_scope>
        <sys_class_name>sys_scope_table_access</sys_class_name>
        <sys_created_by>admin</sys_created_by>
        <sys_created_on>2017-06-07 18:48:12</sys_created_on>
        <sys_id>85c0c5504fd77200dbec7bb28110c72e</sys_id>
        <sys_mod_count>1</sys_mod_count>
        <sys_name>cmdb_ci_cluster</sys_name>
        <sys_package display_value="Dynatrace CMDB Integration" source="x_dynat_ruxit">9f77f7a94f9f1200dbec7bb28110c7c2</sys_package>
        <sys_policy/>
        <sys_scope display_value="Dynatrace CMDB Integration">9f77f7a94f9f1200dbec7bb28110c7c2</sys_scope>
        <sys_update_name>sys_scope_table_access_85c0c5504fd77200dbec7bb28110c72e</sys_update_name>
        <sys_updated_by>admin</sys_updated_by>
        <sys_updated_on>2017-06-07 18:48:12</sys_updated_on>
        <table_name>cmdb_ci_cluster</table_name>
        <target_scope display_value="Global">global</target_scope>
        <write_access>true</write_access>
    </sys_scope_table_access>
</record_update>
