<?xml version="1.0" encoding="UTF-8"?><record_update>
    <sys_documentation element="impact_level" label="Impact Level" language="en" table="x_dynat_ruxit_problems">
        <sys_documentation action="INSERT_OR_UPDATE">
            <element>impact_level</element>
            <help/>
            <hint/>
            <label>Impact Level</label>
            <language>en</language>
            <name>x_dynat_ruxit_problems</name>
            <plural>Impact Levels</plural>
            <sys_class_name>sys_documentation</sys_class_name>
            <sys_created_by>admin</sys_created_by>
            <sys_created_on>2016-06-02 14:57:41</sys_created_on>
            <sys_id>fccf6e494ff7d600dbec7bb28110c7ff</sys_id>
            <sys_mod_count>0</sys_mod_count>
            <sys_name>Impact Level</sys_name>
            <sys_package display_value="Dynatrace CMDB Integration" source="x_dynat_ruxit">9f77f7a94f9f1200dbec7bb28110c7c2</sys_package>
            <sys_policy/>
            <sys_scope display_value="Dynatrace CMDB Integration">9f77f7a94f9f1200dbec7bb28110c7c2</sys_scope>
            <sys_update_name>sys_documentation_x_dynat_ruxit_problems_impact_level_en</sys_update_name>
            <sys_updated_by>admin</sys_updated_by>
            <sys_updated_on>2016-06-02 14:57:41</sys_updated_on>
            <url/>
            <url_target/>
        </sys_documentation>
    </sys_documentation>
</record_update>
