<?xml version="1.0" encoding="UTF-8"?><record_update table="sys_security_acl">
    <sys_security_acl action="INSERT_OR_UPDATE">
        <active>true</active>
        <admin_overrides>true</admin_overrides>
        <advanced>false</advanced>
        <condition/>
        <description>Default access control on x_dynat_ruxit_affectedcis</description>
        <name>x_dynat_ruxit_affectedcis</name>
        <operation display_value="read">read</operation>
        <script/>
        <sys_class_name>sys_security_acl</sys_class_name>
        <sys_created_by>admin</sys_created_by>
        <sys_created_on>2017-06-06 12:48:26</sys_created_on>
        <sys_id>1dd42abb4f4f3200dbec7bb28110c74d</sys_id>
        <sys_mod_count>0</sys_mod_count>
        <sys_name>x_dynat_ruxit_affectedcis</sys_name>
        <sys_package display_value="Dynatrace CMDB Integration" source="x_dynat_ruxit">9f77f7a94f9f1200dbec7bb28110c7c2</sys_package>
        <sys_policy/>
        <sys_scope display_value="Dynatrace CMDB Integration">9f77f7a94f9f1200dbec7bb28110c7c2</sys_scope>
        <sys_update_name>sys_security_acl_1dd42abb4f4f3200dbec7bb28110c74d</sys_update_name>
        <sys_updated_by>admin</sys_updated_by>
        <sys_updated_on>2017-06-06 12:48:26</sys_updated_on>
        <type display_value="record">record</type>
    </sys_security_acl>
</record_update>
