<?xml version="1.0" encoding="UTF-8"?><record_update table="sys_ui_page">
    <sys_ui_page action="INSERT_OR_UPDATE">
        <category/>
        <client_script><![CDATA[var ga = new GlideAjax('dynatrace');
ga.addParam('sysparm_name', 'checkConfiguration');
ga.getXML(updateUI);

function updateUI(response) {
	var answer = response.responseXML.documentElement.getAttribute("answer");
	if (answer) {
		var data = answer.evalJSON(true);
		if(data.errors.length > 0) {
			$('configCheckTitle').innerHTML = "<h3>Following issues were found within your configuration:</h3>";
			errorStr = '<font color="red">';
			for(i = 0; i < data.errors.length; i++) {
				errorStr += "<h3>- " +  data.errors[i] + "</h3>"; 
			}
			errorStr += "</font>";
			$('configCheckMsg').innerHTML = errorStr;
		}
		else {
			$('configCheckTitle').innerHTML = "<font color='green'><h3>No issues were found in your configuration.</h3></font>";
		}
    } else {
        $('configCheckTitle').innerHTML = "<h2>Automatic configuration check did not return a result.</h2>"; 
    }
}]]></client_script>
        <description/>
        <direct>false</direct>
        <endpoint>x_dynat_ruxit_support.do</endpoint>
        <html><![CDATA[<?xml version="1.0" encoding="utf-8" ?>
<j:jelly trim="false"
	xmlns:j="jelly:core"
	xmlns:g="glide"
	xmlns:j2="null"
	xmlns:g2="null">
	<div class="container">
		<h1>
			<strong>Need Dynatrace Support?</strong>
		</h1>
		<br/>
		<div class="container">
			<table class="table-sm table-responsive borderless">
				<tr>
					<td>
						<h2>Setup instructions</h2>
						<h3>Please check following mandatory settings before contacting Dynatrace support:</h3>
						<h3>1. Plugin 'Configuration Management for Scoped Apps' is active.</h3>
						<h3>2. You defined a discovery_source 'DYNATRACE'</h3>
						<h3>3. For import of application services, the global 'appservice' script is mandatory.</h3>
						<h3><a target="_blank" href="https://raw.githubusercontent.com/Dynatrace/dynatrace-api/master/service-now/appservice.js">Download 'appservice' script from Github</a></h3>
					</td>
				</tr>
				<tr>
					<td>
						<h3>
							<a rel="noopener noreferrer nofollow" href="https://www.dynatrace.com/support/help/shortlink/servicenow" target="_blank">Read details within the integration setup instructions</a>
						</h3>
					</td>
				</tr>
				<tr>
					<td>
						<h2>Automatic configuration check</h2>
					</td>
				</tr>
				<tr>
					<td>
						<p id="configCheckTitle" name="configCheckTitle">
						</p>	
					</td>
				</tr>
				<tr>
					<td>
						<p id="configCheckMsg" name="configCheckMsg">
							
						</p>	
					</td>
				</tr>
				<tr>
					<td>
						<h2>Contact Us:</h2>
					</td>
				</tr>
				<tr>
					<td>
						<h3>
							<a rel="noopener noreferrer nofollow" href="https://www.dynatrace.com/support/" target="_blank">https://www.dynatrace.com/support/</a>
						</h3>
					</td>
				</tr>
			</table>
		</div>
	</div>
</j:jelly>]]></html>
        <name>support</name>
        <processing_script/>
        <sys_class_name>sys_ui_page</sys_class_name>
        <sys_created_by>wolfgang</sys_created_by>
        <sys_created_on>2018-10-30 15:16:30</sys_created_on>
        <sys_id>49686e58db69e300190bd92b5e96195c</sys_id>
        <sys_mod_count>68</sys_mod_count>
        <sys_name>support</sys_name>
        <sys_package display_value="Dynatrace CMDB Integration" source="x_dynat_ruxit">9f77f7a94f9f1200dbec7bb28110c7c2</sys_package>
        <sys_policy/>
        <sys_scope display_value="Dynatrace CMDB Integration">9f77f7a94f9f1200dbec7bb28110c7c2</sys_scope>
        <sys_update_name>sys_ui_page_49686e58db69e300190bd92b5e96195c</sys_update_name>
        <sys_updated_by>admin2</sys_updated_by>
        <sys_updated_on>2019-03-19 09:44:35</sys_updated_on>
    </sys_ui_page>
</record_update>
