<?xml version="1.0" encoding="UTF-8"?><record_update sys_domain="global" table="sys_app_module">
    <sys_app_module action="INSERT_OR_UPDATE">
        <active>true</active>
        <application display_value="Dynatrace">af7773e94f9f1200dbec7bb28110c79d</application>
        <assessment/>
        <content_page/>
        <device_type/>
        <filter/>
        <hint/>
        <homepage/>
        <image/>
        <link_type>LIST</link_type>
        <map_page/>
        <mobile_title>Environments</mobile_title>
        <mobile_view_name>Mobile</mobile_view_name>
        <name>x_dynat_ruxit_environments</name>
        <order>3</order>
        <override_menu_roles>false</override_menu_roles>
        <query/>
        <report/>
        <roles>x_dynat_ruxit.Integration</roles>
        <sys_class_name>sys_app_module</sys_class_name>
        <sys_created_by>admin</sys_created_by>
        <sys_created_on>2017-11-29 11:30:19</sys_created_on>
        <sys_domain>global</sys_domain>
        <sys_domain_path>/</sys_domain_path>
        <sys_id>45cae068db724f00d5e7572e5e96190f</sys_id>
        <sys_mod_count>3</sys_mod_count>
        <sys_name>Environments</sys_name>
        <sys_overrides/>
        <sys_package display_value="Dynatrace CMDB Integration" source="x_dynat_ruxit">9f77f7a94f9f1200dbec7bb28110c7c2</sys_package>
        <sys_policy/>
        <sys_scope display_value="Dynatrace CMDB Integration">9f77f7a94f9f1200dbec7bb28110c7c2</sys_scope>
        <sys_update_name>sys_app_module_45cae068db724f00d5e7572e5e96190f</sys_update_name>
        <sys_updated_by>admin</sys_updated_by>
        <sys_updated_on>2017-11-30 09:36:17</sys_updated_on>
        <timeline_page/>
        <title>Environments</title>
        <uncancelable>false</uncancelable>
        <view_name/>
        <window_name/>
    </sys_app_module>
</record_update>
