<?xml version="1.0" encoding="UTF-8"?><record_update sys_domain="global" table="sys_embedded_help_content">
    <sys_embedded_help_content action="INSERT_OR_UPDATE">
        <active>true</active>
        <category/>
        <content><![CDATA[ <h1 class="title topictitle1">System update sets</h1>  <div class="body conbody">  <p class="p">An update set is a group of customizations that can be moved from one instance to another.   Update sets enable administrators to group a series of changes into a named set and then move the   changes as one unit to other systems. In most cases, update sets help customizations to be   developed in a development instance, moved to a test instance, and then applied to a production   instance. </p>  <p class="p">To create a new update set, click <span class="ph uicontrol">New</span>.</p>  <p class="p">To make an update set your current update set, right-click the update set name and click    <span class="ph uicontrol">Make This My Current Set</span>.</p> </div> <div class="related-links"><div class="relinfo"><div class="reltitle">Related information<br /><div><a class="link" href="https://docs.servicenow.com/bundle/jakarta-application-development/page/build/system-update-sets/concept/system-update-sets.html" target="_blank" rel="nofollow">System update sets</a></div><div><a class="link" href="https://docs.servicenow.com/bundle/jakarta-application-development/page/build/system-update-sets/reference/get-started-update-sets.html" target="_blank" rel="nofollow">Get started with update sets</a></div></div></div></div>]]></content>
        <last_sync>2018-08-03 12:31:09</last_sync>
        <modifier>normal</modifier>
        <name>sys_update_set_list-normal</name>
        <page>sys_update_set_list</page>
        <product>1</product>
        <qualifier/>
        <role/>
        <role_order>1000</role_order>
        <snc_created>true</snc_created>
        <sys_class_name>sys_embedded_help_content</sys_class_name>
        <sys_created_by>system</sys_created_by>
        <sys_created_on>2017-12-21 12:23:13</sys_created_on>
        <sys_domain>global</sys_domain>
        <sys_domain_path>/</sys_domain_path>
        <sys_id>92d9c227db038b00190bd92b5e96190f</sys_id>
        <sys_mod_count>15</sys_mod_count>
        <sys_name>sys_update_set_list-normal</sys_name>
        <sys_package display_value="Dynatrace CMDB Integration" source="x_dynat_ruxit">9f77f7a94f9f1200dbec7bb28110c7c2</sys_package>
        <sys_policy/>
        <sys_scope display_value="Dynatrace CMDB Integration">9f77f7a94f9f1200dbec7bb28110c7c2</sys_scope>
        <sys_update_name>sys_embedded_help_content_92d9c227db038b00190bd92b5e96190f</sys_update_name>
        <sys_updated_by>system</sys_updated_by>
        <sys_updated_on>2018-08-03 12:31:09</sys_updated_on>
        <version>j</version>
    </sys_embedded_help_content>
    <sys_translated_text action="delete_multiple" query="documentkey=92d9c227db038b00190bd92b5e96190f"/>
</record_update>
