<?xml version="1.0" encoding="UTF-8"?><record_update>
    <sys_documentation element="mid" label="Mid (optional)" language="en" table="x_dynat_ruxit_environments">
        <sys_documentation action="INSERT_OR_UPDATE">
            <element>mid</element>
            <help/>
            <hint/>
            <label>Mid (optional)</label>
            <language>en</language>
            <name>x_dynat_ruxit_environments</name>
            <plural>Mid (optional)</plural>
            <sys_class_name>sys_documentation</sys_class_name>
            <sys_created_by>admin</sys_created_by>
            <sys_created_on>2018-03-30 09:38:24</sys_created_on>
            <sys_id>5d89df97db499fc0d5e7572e5e96197c</sys_id>
            <sys_mod_count>0</sys_mod_count>
            <sys_name>Mid (optional)</sys_name>
            <sys_package display_value="Dynatrace CMDB Integration" source="x_dynat_ruxit">9f77f7a94f9f1200dbec7bb28110c7c2</sys_package>
            <sys_policy/>
            <sys_scope display_value="Dynatrace CMDB Integration">9f77f7a94f9f1200dbec7bb28110c7c2</sys_scope>
            <sys_update_name>sys_documentation_x_dynat_ruxit_environments_mid_en</sys_update_name>
            <sys_updated_by>admin</sys_updated_by>
            <sys_updated_on>2018-03-30 09:38:24</sys_updated_on>
            <url/>
            <url_target/>
        </sys_documentation>
    </sys_documentation>
</record_update>
