<?xml version="1.0" encoding="UTF-8"?><record_update table="sys_properties">
    <sys_properties action="INSERT_OR_UPDATE">
        <choices/>
        <description>Configure the column name that will contain the Dynatrace identifier for each synchronized server, process and service.</description>
        <ignore_cache>false</ignore_cache>
        <is_private>false</is_private>
        <name>x_dynat_ruxit.sync_field_name</name>
        <read_roles>admin,x_dynat_ruxit.Integration</read_roles>
        <suffix>sync_field_name</suffix>
        <sys_class_name>sys_properties</sys_class_name>
        <sys_created_by>admin2</sys_created_by>
        <sys_created_on>2019-03-12 13:19:20</sys_created_on>
        <sys_id>a2eacbcfdb4cb70088a33ebd7c9619e6</sys_id>
        <sys_mod_count>3</sys_mod_count>
        <sys_name>x_dynat_ruxit.sync_field_name</sys_name>
        <sys_package display_value="Dynatrace CMDB Integration" source="x_dynat_ruxit">9f77f7a94f9f1200dbec7bb28110c7c2</sys_package>
        <sys_policy/>
        <sys_scope display_value="Dynatrace CMDB Integration">9f77f7a94f9f1200dbec7bb28110c7c2</sys_scope>
        <sys_update_name>sys_properties_a2eacbcfdb4cb70088a33ebd7c9619e6</sys_update_name>
        <sys_updated_by>admin2</sys_updated_by>
        <sys_updated_on>2019-03-15 15:31:26</sys_updated_on>
        <type>string</type>
        <value>correlation_id</value>
        <write_roles>admin,x_dynat_ruxit.Integration</write_roles>
    </sys_properties>
    <sys_translated_text action="delete_multiple" query="documentkey=a2eacbcfdb4cb70088a33ebd7c9619e6"/>
</record_update>
