<?xml version="1.0" encoding="UTF-8"?><record_update sys_domain="global" table="sys_app_module">
    <sys_app_module action="INSERT_OR_UPDATE">
        <active>true</active>
        <application display_value="Dynatrace">af7773e94f9f1200dbec7bb28110c79d</application>
        <assessment/>
        <content_page display_value="Catalog Grid">7c71fa250a0005c6676dc455d68b1a75</content_page>
        <device_type/>
        <filter/>
        <hint/>
        <homepage/>
        <image/>
        <link_type>DIRECT</link_type>
        <map_page/>
        <mobile_title>Support</mobile_title>
        <mobile_view_name>Mobile</mobile_view_name>
        <name/>
        <order>1</order>
        <override_menu_roles>false</override_menu_roles>
        <query>./x_dynat_ruxit_support.do?</query>
        <report/>
        <roles>x_dynat_ruxit.Integration</roles>
        <sys_class_name>sys_app_module</sys_class_name>
        <sys_created_by>admin</sys_created_by>
        <sys_created_on>2016-06-02 13:46:46</sys_created_on>
        <sys_domain>global</sys_domain>
        <sys_domain_path>/</sys_domain_path>
        <sys_id>26ee1ac14ff7d600dbec7bb28110c78a</sys_id>
        <sys_mod_count>19</sys_mod_count>
        <sys_name>Support</sys_name>
        <sys_overrides/>
        <sys_package display_value="Dynatrace CMDB Integration" source="x_dynat_ruxit">9f77f7a94f9f1200dbec7bb28110c7c2</sys_package>
        <sys_policy/>
        <sys_scope display_value="Dynatrace CMDB Integration">9f77f7a94f9f1200dbec7bb28110c7c2</sys_scope>
        <sys_update_name>sys_app_module_26ee1ac14ff7d600dbec7bb28110c78a</sys_update_name>
        <sys_updated_by>admin2</sys_updated_by>
        <sys_updated_on>2018-11-08 15:26:55</sys_updated_on>
        <timeline_page/>
        <title>Support</title>
        <uncancelable>false</uncancelable>
        <view_name/>
        <window_name/>
    </sys_app_module>
</record_update>
