<?xml version="1.0" encoding="UTF-8"?><record_update>
    <sys_ui_section caption="" section_id="edbc68a8db724f00d5e7572e5e96194c" sys_domain="global" table="x_dynat_ruxit_environments" version="3" view="">
        <sys_ui_element action="INSERT_OR_UPDATE">
            <element>environment_name</element>
            <position>0</position>
            <sys_created_by>admin</sys_created_by>
            <sys_created_on>2017-11-30 09:24:49</sys_created_on>
            <sys_id>14a7d1b8dbfa4f00d5e7572e5e96199f</sys_id>
            <sys_mod_count>0</sys_mod_count>
            <sys_ui_formatter/>
            <sys_ui_section caption="NULL" display_value="" name="x_dynat_ruxit_environments" sys_domain="global" view="Default view">edbc68a8db724f00d5e7572e5e96194c</sys_ui_section>
            <sys_updated_by>admin</sys_updated_by>
            <sys_updated_on>2017-11-30 09:24:49</sys_updated_on>
            <sys_user/>
            <type/>
        </sys_ui_element>
        <sys_ui_element action="INSERT_OR_UPDATE">
            <element>dynatrace_environment_api_url</element>
            <position>1</position>
            <sys_created_by>admin</sys_created_by>
            <sys_created_on>2017-11-30 09:24:49</sys_created_on>
            <sys_id>94a7d1b8dbfa4f00d5e7572e5e96199f</sys_id>
            <sys_mod_count>0</sys_mod_count>
            <sys_ui_formatter/>
            <sys_ui_section caption="NULL" display_value="" name="x_dynat_ruxit_environments" sys_domain="global" view="Default view">edbc68a8db724f00d5e7572e5e96194c</sys_ui_section>
            <sys_updated_by>admin</sys_updated_by>
            <sys_updated_on>2017-11-30 09:24:49</sys_updated_on>
            <sys_user/>
            <type/>
        </sys_ui_element>
        <sys_ui_element action="INSERT_OR_UPDATE">
            <element>api_token</element>
            <position>2</position>
            <sys_created_by>admin</sys_created_by>
            <sys_created_on>2017-11-30 09:24:49</sys_created_on>
            <sys_id>18a7d1b8dbfa4f00d5e7572e5e96199f</sys_id>
            <sys_mod_count>0</sys_mod_count>
            <sys_ui_formatter/>
            <sys_ui_section caption="NULL" display_value="" name="x_dynat_ruxit_environments" sys_domain="global" view="Default view">edbc68a8db724f00d5e7572e5e96194c</sys_ui_section>
            <sys_updated_by>admin</sys_updated_by>
            <sys_updated_on>2017-11-30 09:24:49</sys_updated_on>
            <sys_user/>
            <type/>
        </sys_ui_element>
        <sys_ui_element action="INSERT_OR_UPDATE">
            <element>filter_tags</element>
            <position>3</position>
            <sys_created_by>admin</sys_created_by>
            <sys_created_on>2017-11-30 09:24:49</sys_created_on>
            <sys_id>98a7d1b8dbfa4f00d5e7572e5e96199f</sys_id>
            <sys_mod_count>0</sys_mod_count>
            <sys_ui_formatter/>
            <sys_ui_section caption="NULL" display_value="" name="x_dynat_ruxit_environments" sys_domain="global" view="Default view">edbc68a8db724f00d5e7572e5e96194c</sys_ui_section>
            <sys_updated_by>admin</sys_updated_by>
            <sys_updated_on>2017-11-30 09:24:49</sys_updated_on>
            <sys_user/>
            <type/>
        </sys_ui_element>
        <sys_ui_element action="INSERT_OR_UPDATE">
            <element>mid</element>
            <position>4</position>
            <sys_created_by>admin</sys_created_by>
            <sys_created_on>2018-03-30 09:38:24</sys_created_on>
            <sys_id>91891f97db499fc0d5e7572e5e9619f2</sys_id>
            <sys_mod_count>0</sys_mod_count>
            <sys_ui_formatter/>
            <sys_ui_section caption="NULL" display_value="" name="x_dynat_ruxit_environments" sys_domain="global" view="Default view">edbc68a8db724f00d5e7572e5e96194c</sys_ui_section>
            <sys_updated_by>admin</sys_updated_by>
            <sys_updated_on>2018-03-30 09:38:24</sys_updated_on>
            <sys_user/>
            <type/>
        </sys_ui_element>
        <sys_ui_element action="INSERT_OR_UPDATE">
            <element>active</element>
            <position>5</position>
            <sys_created_by>reinhard</sys_created_by>
            <sys_created_on>2018-09-19 07:01:48</sys_created_on>
            <sys_id>82b0bdcfdb6c2700d5e7572e5e961983</sys_id>
            <sys_mod_count>0</sys_mod_count>
            <sys_ui_formatter/>
            <sys_ui_section caption="NULL" display_value="" name="x_dynat_ruxit_environments" sys_domain="global" view="Default view">edbc68a8db724f00d5e7572e5e96194c</sys_ui_section>
            <sys_updated_by>reinhard</sys_updated_by>
            <sys_updated_on>2018-09-19 07:01:48</sys_updated_on>
            <sys_user/>
            <type/>
        </sys_ui_element>
        <sys_ui_section action="INSERT_OR_UPDATE">
            <caption/>
            <header>false</header>
            <name>x_dynat_ruxit_environments</name>
            <roles/>
            <sys_class_name>sys_ui_section</sys_class_name>
            <sys_created_by>admin</sys_created_by>
            <sys_created_on>2017-11-29 11:38:49</sys_created_on>
            <sys_domain>global</sys_domain>
            <sys_domain_path>/</sys_domain_path>
            <sys_id>edbc68a8db724f00d5e7572e5e96194c</sys_id>
            <sys_mod_count>0</sys_mod_count>
            <sys_name>x_dynat_ruxit_environments</sys_name>
            <sys_overrides/>
            <sys_package display_value="Dynatrace CMDB Integration" source="x_dynat_ruxit">9f77f7a94f9f1200dbec7bb28110c7c2</sys_package>
            <sys_policy/>
            <sys_scope display_value="Dynatrace CMDB Integration">9f77f7a94f9f1200dbec7bb28110c7c2</sys_scope>
            <sys_update_name>sys_ui_section_edbc68a8db724f00d5e7572e5e96194c</sys_update_name>
            <sys_updated_by>admin</sys_updated_by>
            <sys_updated_on>2017-11-29 11:38:49</sys_updated_on>
            <sys_user/>
            <title>true</title>
            <view display_value="Default view" name="NULL">Default view</view>
            <view_name/>
        </sys_ui_section>
    </sys_ui_section>
</record_update>
