<?xml version="1.0" encoding="UTF-8"?><record_update table="sys_ui_view">
    <sys_ui_view action="INSERT_OR_UPDATE">
        <group/>
        <hidden>false</hidden>
        <name>default</name>
        <roles/>
        <sys_class_name>sys_ui_view</sys_class_name>
        <sys_created_by>admin</sys_created_by>
        <sys_created_on>2016-08-01 11:05:51</sys_created_on>
        <sys_id>b11a721c4fc12a40dbec7bb28110c7f1</sys_id>
        <sys_mod_count>0</sys_mod_count>
        <sys_name>Default</sys_name>
        <sys_package display_value="Dynatrace CMDB Integration" source="x_dynat_ruxit">9f77f7a94f9f1200dbec7bb28110c7c2</sys_package>
        <sys_policy/>
        <sys_scope display_value="Dynatrace CMDB Integration">9f77f7a94f9f1200dbec7bb28110c7c2</sys_scope>
        <sys_update_name>sys_ui_view_b11a721c4fc12a40dbec7bb28110c7f1</sys_update_name>
        <sys_updated_by>admin</sys_updated_by>
        <sys_updated_on>2016-08-01 11:05:51</sys_updated_on>
        <title>Default</title>
        <user/>
    </sys_ui_view>
</record_update>
