<?xml version="1.0" encoding="UTF-8"?><record_update table="sys_transform_entry">
    <sys_transform_entry action="INSERT_OR_UPDATE">
        <choice_action>ignore</choice_action>
        <coalesce>false</coalesce>
        <coalesce_case_sensitive>false</coalesce_case_sensitive>
        <coalesce_empty_fields>false</coalesce_empty_fields>
        <date_format>yyyy-MM-dd HH:mm:ss</date_format>
        <map display_value="Problem to Incident Transformation Map">a4867ed14ffbd600dbec7bb28110c7d3</map>
        <reference_value_field/>
        <source_field>subcategory</source_field>
        <source_script><![CDATA[answer = (function transformEntry(source) {

	// Add your code here
	return ""; // return the value to be put into the target field

})(source);]]></source_script>
        <source_table>x_dynat_ruxit_problems</source_table>
        <sys_class_name>sys_transform_entry</sys_class_name>
        <sys_created_by>admin</sys_created_by>
        <sys_created_on>2016-08-02 06:32:39</sys_created_on>
        <sys_id>2a0543e44fc52a40dbec7bb28110c75e</sys_id>
        <sys_mod_count>1</sys_mod_count>
        <sys_name>subcategory</sys_name>
        <sys_package display_value="Dynatrace CMDB Integration" source="x_dynat_ruxit">9f77f7a94f9f1200dbec7bb28110c7c2</sys_package>
        <sys_policy/>
        <sys_scope display_value="Dynatrace CMDB Integration">9f77f7a94f9f1200dbec7bb28110c7c2</sys_scope>
        <sys_update_name>sys_transform_entry_2a0543e44fc52a40dbec7bb28110c75e</sys_update_name>
        <sys_updated_by>admin</sys_updated_by>
        <sys_updated_on>2016-08-19 10:43:49</sys_updated_on>
        <target_field>subcategory</target_field>
        <target_table>incident</target_table>
        <use_source_script>false</use_source_script>
    </sys_transform_entry>
</record_update>
