<?xml version="1.0" encoding="UTF-8"?><record_update table="sys_user_role_contains">
    <sys_user_role_contains action="INSERT_OR_UPDATE">
        <contains display_value="import_set_loader" name="import_set_loader">4a68d0fe0a0a0bc001b666e53798a5c7</contains>
        <role display_value="x_dynat_ruxit.Integration" name="x_dynat_ruxit.Integration">4c0702574fb75a00dbec7bb28110c7b2</role>
        <sys_class_name>sys_user_role_contains</sys_class_name>
        <sys_created_by>admin</sys_created_by>
        <sys_created_on>2017-12-19 08:57:31</sys_created_on>
        <sys_id>31978ffedb8b0b00190bd92b5e9619c1</sys_id>
        <sys_mod_count>0</sys_mod_count>
        <sys_name>import_set_loader.x_dynat_ruxit.Integration</sys_name>
        <sys_package display_value="Dynatrace CMDB Integration" source="x_dynat_ruxit">9f77f7a94f9f1200dbec7bb28110c7c2</sys_package>
        <sys_policy/>
        <sys_scope display_value="Dynatrace CMDB Integration">9f77f7a94f9f1200dbec7bb28110c7c2</sys_scope>
        <sys_update_name>sys_user_role_contains_31978ffedb8b0b00190bd92b5e9619c1</sys_update_name>
        <sys_updated_by>admin</sys_updated_by>
        <sys_updated_on>2017-12-19 08:57:31</sys_updated_on>
    </sys_user_role_contains>
</record_update>
