<?xml version="1.0" encoding="UTF-8"?><record_update>
    <sys_ui_list parent="" relationship="" sys_domain="global" table="x_dynat_ruxit_problems" version="2" view="">
        <sys_ui_list_element action="INSERT_OR_UPDATE">
            <average_value>false</average_value>
            <element>environment</element>
            <list_id display_value="x_dynat_ruxit_problems" element="NULL" name="x_dynat_ruxit_problems" parent="NULL" relationship="NULL" sys_domain="global" view="Default view">f4b0e7e9db5cb700190bd92b5e9619d4</list_id>
            <max_value>false</max_value>
            <min_value>false</min_value>
            <position>0</position>
            <sum>false</sum>
            <sys_created_by>admin2</sys_created_by>
            <sys_created_on>2019-03-20 09:15:36</sys_created_on>
            <sys_id>bcb0e7e9db5cb700190bd92b5e9619d4</sys_id>
            <sys_mod_count>0</sys_mod_count>
            <sys_updated_by>admin2</sys_updated_by>
            <sys_updated_on>2019-03-20 09:15:36</sys_updated_on>
        </sys_ui_list_element>
        <sys_ui_list_element action="INSERT_OR_UPDATE">
            <average_value>false</average_value>
            <element>number</element>
            <list_id display_value="x_dynat_ruxit_problems" element="NULL" name="x_dynat_ruxit_problems" parent="NULL" relationship="NULL" sys_domain="global" view="Default view">f4b0e7e9db5cb700190bd92b5e9619d4</list_id>
            <max_value>false</max_value>
            <min_value>false</min_value>
            <position>1</position>
            <sum>false</sum>
            <sys_created_by>admin2</sys_created_by>
            <sys_created_on>2019-03-20 09:15:36</sys_created_on>
            <sys_id>30b0e7e9db5cb700190bd92b5e9619d5</sys_id>
            <sys_mod_count>0</sys_mod_count>
            <sys_updated_by>admin2</sys_updated_by>
            <sys_updated_on>2019-03-20 09:15:36</sys_updated_on>
        </sys_ui_list_element>
        <sys_ui_list_element action="INSERT_OR_UPDATE">
            <average_value>false</average_value>
            <element>problem_state</element>
            <list_id display_value="x_dynat_ruxit_problems" element="NULL" name="x_dynat_ruxit_problems" parent="NULL" relationship="NULL" sys_domain="global" view="Default view">f4b0e7e9db5cb700190bd92b5e9619d4</list_id>
            <max_value>false</max_value>
            <min_value>false</min_value>
            <position>2</position>
            <sum>false</sum>
            <sys_created_by>admin2</sys_created_by>
            <sys_created_on>2019-03-20 09:15:36</sys_created_on>
            <sys_id>b0b0e7e9db5cb700190bd92b5e9619d5</sys_id>
            <sys_mod_count>0</sys_mod_count>
            <sys_updated_by>admin2</sys_updated_by>
            <sys_updated_on>2019-03-20 09:15:36</sys_updated_on>
        </sys_ui_list_element>
        <sys_ui_list_element action="INSERT_OR_UPDATE">
            <average_value>false</average_value>
            <element>impact_level</element>
            <list_id display_value="x_dynat_ruxit_problems" element="NULL" name="x_dynat_ruxit_problems" parent="NULL" relationship="NULL" sys_domain="global" view="Default view">f4b0e7e9db5cb700190bd92b5e9619d4</list_id>
            <max_value>false</max_value>
            <min_value>false</min_value>
            <position>3</position>
            <sum>false</sum>
            <sys_created_by>admin2</sys_created_by>
            <sys_created_on>2019-03-20 09:15:36</sys_created_on>
            <sys_id>34b0e7e9db5cb700190bd92b5e9619d5</sys_id>
            <sys_mod_count>0</sys_mod_count>
            <sys_updated_by>admin2</sys_updated_by>
            <sys_updated_on>2019-03-20 09:15:36</sys_updated_on>
        </sys_ui_list_element>
        <sys_ui_list_element action="INSERT_OR_UPDATE">
            <average_value>false</average_value>
            <element>problem_title</element>
            <list_id display_value="x_dynat_ruxit_problems" element="NULL" name="x_dynat_ruxit_problems" parent="NULL" relationship="NULL" sys_domain="global" view="Default view">f4b0e7e9db5cb700190bd92b5e9619d4</list_id>
            <max_value>false</max_value>
            <min_value>false</min_value>
            <position>4</position>
            <sum>false</sum>
            <sys_created_by>admin2</sys_created_by>
            <sys_created_on>2019-03-20 09:15:36</sys_created_on>
            <sys_id>b4b0e7e9db5cb700190bd92b5e9619d5</sys_id>
            <sys_mod_count>0</sys_mod_count>
            <sys_updated_by>admin2</sys_updated_by>
            <sys_updated_on>2019-03-20 09:15:36</sys_updated_on>
        </sys_ui_list_element>
        <sys_ui_list_element action="INSERT_OR_UPDATE">
            <average_value>false</average_value>
            <element>problem_id</element>
            <list_id display_value="x_dynat_ruxit_problems" element="NULL" name="x_dynat_ruxit_problems" parent="NULL" relationship="NULL" sys_domain="global" view="Default view">f4b0e7e9db5cb700190bd92b5e9619d4</list_id>
            <max_value>false</max_value>
            <min_value>false</min_value>
            <position>5</position>
            <sum>false</sum>
            <sys_created_by>admin2</sys_created_by>
            <sys_created_on>2019-03-20 09:15:36</sys_created_on>
            <sys_id>38b0e7e9db5cb700190bd92b5e9619d5</sys_id>
            <sys_mod_count>0</sys_mod_count>
            <sys_updated_by>admin2</sys_updated_by>
            <sys_updated_on>2019-03-20 09:15:36</sys_updated_on>
        </sys_ui_list_element>
        <sys_ui_list_element action="INSERT_OR_UPDATE">
            <average_value>false</average_value>
            <element>problem_url</element>
            <list_id display_value="x_dynat_ruxit_problems" element="NULL" name="x_dynat_ruxit_problems" parent="NULL" relationship="NULL" sys_domain="global" view="Default view">f4b0e7e9db5cb700190bd92b5e9619d4</list_id>
            <max_value>false</max_value>
            <min_value>false</min_value>
            <position>6</position>
            <sum>false</sum>
            <sys_created_by>admin2</sys_created_by>
            <sys_created_on>2019-03-20 09:15:36</sys_created_on>
            <sys_id>b8b0e7e9db5cb700190bd92b5e9619d5</sys_id>
            <sys_mod_count>0</sys_mod_count>
            <sys_updated_by>admin2</sys_updated_by>
            <sys_updated_on>2019-03-20 09:15:36</sys_updated_on>
        </sys_ui_list_element>
        <sys_ui_list_element action="INSERT_OR_UPDATE">
            <average_value>false</average_value>
            <element>configuration_item</element>
            <list_id display_value="x_dynat_ruxit_problems" element="NULL" name="x_dynat_ruxit_problems" parent="NULL" relationship="NULL" sys_domain="global" view="Default view">f4b0e7e9db5cb700190bd92b5e9619d4</list_id>
            <max_value>false</max_value>
            <min_value>false</min_value>
            <position>7</position>
            <sum>false</sum>
            <sys_created_by>admin2</sys_created_by>
            <sys_created_on>2019-03-20 09:15:36</sys_created_on>
            <sys_id>3cb0e7e9db5cb700190bd92b5e9619d5</sys_id>
            <sys_mod_count>0</sys_mod_count>
            <sys_updated_by>admin2</sys_updated_by>
            <sys_updated_on>2019-03-20 09:15:36</sys_updated_on>
        </sys_ui_list_element>
        <sys_ui_list_element action="INSERT_OR_UPDATE">
            <average_value>false</average_value>
            <element>details</element>
            <list_id display_value="x_dynat_ruxit_problems" element="NULL" name="x_dynat_ruxit_problems" parent="NULL" relationship="NULL" sys_domain="global" view="Default view">f4b0e7e9db5cb700190bd92b5e9619d4</list_id>
            <max_value>false</max_value>
            <min_value>false</min_value>
            <position>8</position>
            <sum>false</sum>
            <sys_created_by>admin2</sys_created_by>
            <sys_created_on>2019-03-20 09:15:36</sys_created_on>
            <sys_id>bcb0e7e9db5cb700190bd92b5e9619d5</sys_id>
            <sys_mod_count>0</sys_mod_count>
            <sys_updated_by>admin2</sys_updated_by>
            <sys_updated_on>2019-03-20 09:15:36</sys_updated_on>
        </sys_ui_list_element>
        <sys_ui_list_element action="INSERT_OR_UPDATE">
            <average_value>false</average_value>
            <element>impacted_cis</element>
            <list_id display_value="x_dynat_ruxit_problems" element="NULL" name="x_dynat_ruxit_problems" parent="NULL" relationship="NULL" sys_domain="global" view="Default view">f4b0e7e9db5cb700190bd92b5e9619d4</list_id>
            <max_value>false</max_value>
            <min_value>false</min_value>
            <position>9</position>
            <sum>false</sum>
            <sys_created_by>admin2</sys_created_by>
            <sys_created_on>2019-03-20 09:15:36</sys_created_on>
            <sys_id>30b0e7e9db5cb700190bd92b5e9619d6</sys_id>
            <sys_mod_count>0</sys_mod_count>
            <sys_updated_by>admin2</sys_updated_by>
            <sys_updated_on>2019-03-20 09:15:36</sys_updated_on>
        </sys_ui_list_element>
        <sys_ui_list_element action="INSERT_OR_UPDATE">
            <average_value>false</average_value>
            <element>impacted_ci_names</element>
            <list_id display_value="x_dynat_ruxit_problems" element="NULL" name="x_dynat_ruxit_problems" parent="NULL" relationship="NULL" sys_domain="global" view="Default view">f4b0e7e9db5cb700190bd92b5e9619d4</list_id>
            <max_value>false</max_value>
            <min_value>false</min_value>
            <position>10</position>
            <sum>false</sum>
            <sys_created_by>admin2</sys_created_by>
            <sys_created_on>2019-03-20 09:15:36</sys_created_on>
            <sys_id>b0b0e7e9db5cb700190bd92b5e9619d6</sys_id>
            <sys_mod_count>0</sys_mod_count>
            <sys_updated_by>admin2</sys_updated_by>
            <sys_updated_on>2019-03-20 09:15:36</sys_updated_on>
        </sys_ui_list_element>
        <sys_ui_list_element action="INSERT_OR_UPDATE">
            <average_value>false</average_value>
            <element>tags</element>
            <list_id display_value="x_dynat_ruxit_problems" element="NULL" name="x_dynat_ruxit_problems" parent="NULL" relationship="NULL" sys_domain="global" view="Default view">f4b0e7e9db5cb700190bd92b5e9619d4</list_id>
            <max_value>false</max_value>
            <min_value>false</min_value>
            <position>11</position>
            <sum>false</sum>
            <sys_created_by>admin2</sys_created_by>
            <sys_created_on>2019-03-20 09:15:36</sys_created_on>
            <sys_id>34b0e7e9db5cb700190bd92b5e9619d6</sys_id>
            <sys_mod_count>0</sys_mod_count>
            <sys_updated_by>admin2</sys_updated_by>
            <sys_updated_on>2019-03-20 09:15:36</sys_updated_on>
        </sys_ui_list_element>
        <sys_ui_list action="INSERT_OR_UPDATE">
            <average_value>false</average_value>
            <element/>
            <max_value>false</max_value>
            <min_value>false</min_value>
            <name>x_dynat_ruxit_problems</name>
            <parent/>
            <position/>
            <relationship/>
            <sum>false</sum>
            <sys_class_name>sys_ui_list</sys_class_name>
            <sys_created_by>admin2</sys_created_by>
            <sys_created_on>2019-03-20 09:15:36</sys_created_on>
            <sys_domain>global</sys_domain>
            <sys_domain_path>/</sys_domain_path>
            <sys_id>f4b0e7e9db5cb700190bd92b5e9619d4</sys_id>
            <sys_mod_count>0</sys_mod_count>
            <sys_name>x_dynat_ruxit_problems</sys_name>
            <sys_package display_value="Dynatrace CMDB Integration" source="x_dynat_ruxit">9f77f7a94f9f1200dbec7bb28110c7c2</sys_package>
            <sys_policy/>
            <sys_scope display_value="Dynatrace CMDB Integration">9f77f7a94f9f1200dbec7bb28110c7c2</sys_scope>
            <sys_update_name>sys_ui_list_x_dynat_ruxit_problems_null</sys_update_name>
            <sys_updated_by>admin2</sys_updated_by>
            <sys_updated_on>2019-03-20 09:15:36</sys_updated_on>
            <sys_user/>
            <view display_value="Default view" name="NULL">Default view</view>
            <view_name/>
        </sys_ui_list>
    </sys_ui_list>
</record_update>
