<?xml version="1.0" encoding="UTF-8"?><record_update>
    <sys_ui_list parent="" relationship="" sys_domain="global" table="x_dynat_ruxit_environments" version="2" view="">
        <sys_ui_list_element action="INSERT_OR_UPDATE">
            <average_value>false</average_value>
            <element>active</element>
            <list_id display_value="x_dynat_ruxit_environments" element="NULL" name="x_dynat_ruxit_environments" parent="NULL" relationship="NULL" sys_domain="global" view="Default view">cf8751b8dbfa4f00d5e7572e5e9619b2</list_id>
            <max_value>false</max_value>
            <min_value>false</min_value>
            <position>0</position>
            <sum>false</sum>
            <sys_created_by>wolfgang</sys_created_by>
            <sys_created_on>2018-09-19 10:49:59</sys_created_on>
            <sys_id>acf4628bdb206700d5e7572e5e961912</sys_id>
            <sys_mod_count>0</sys_mod_count>
            <sys_updated_by>wolfgang</sys_updated_by>
            <sys_updated_on>2018-09-19 10:49:59</sys_updated_on>
        </sys_ui_list_element>
        <sys_ui_list_element action="INSERT_OR_UPDATE">
            <average_value>false</average_value>
            <element>environment_name</element>
            <list_id display_value="x_dynat_ruxit_environments" element="NULL" name="x_dynat_ruxit_environments" parent="NULL" relationship="NULL" sys_domain="global" view="Default view">cf8751b8dbfa4f00d5e7572e5e9619b2</list_id>
            <max_value>false</max_value>
            <min_value>false</min_value>
            <position>1</position>
            <sum>false</sum>
            <sys_created_by>wolfgang</sys_created_by>
            <sys_created_on>2018-09-19 10:49:59</sys_created_on>
            <sys_id>20f4628bdb206700d5e7572e5e961913</sys_id>
            <sys_mod_count>0</sys_mod_count>
            <sys_updated_by>wolfgang</sys_updated_by>
            <sys_updated_on>2018-09-19 10:49:59</sys_updated_on>
        </sys_ui_list_element>
        <sys_ui_list_element action="INSERT_OR_UPDATE">
            <average_value>false</average_value>
            <element>dynatrace_environment_api_url</element>
            <list_id display_value="x_dynat_ruxit_environments" element="NULL" name="x_dynat_ruxit_environments" parent="NULL" relationship="NULL" sys_domain="global" view="Default view">cf8751b8dbfa4f00d5e7572e5e9619b2</list_id>
            <max_value>false</max_value>
            <min_value>false</min_value>
            <position>2</position>
            <sum>false</sum>
            <sys_created_by>wolfgang</sys_created_by>
            <sys_created_on>2018-09-19 10:49:59</sys_created_on>
            <sys_id>a0f4628bdb206700d5e7572e5e961913</sys_id>
            <sys_mod_count>0</sys_mod_count>
            <sys_updated_by>wolfgang</sys_updated_by>
            <sys_updated_on>2018-09-19 10:49:59</sys_updated_on>
        </sys_ui_list_element>
        <sys_ui_list_element action="INSERT_OR_UPDATE">
            <average_value>false</average_value>
            <element>api_token</element>
            <list_id display_value="x_dynat_ruxit_environments" element="NULL" name="x_dynat_ruxit_environments" parent="NULL" relationship="NULL" sys_domain="global" view="Default view">cf8751b8dbfa4f00d5e7572e5e9619b2</list_id>
            <max_value>false</max_value>
            <min_value>false</min_value>
            <position>3</position>
            <sum>false</sum>
            <sys_created_by>wolfgang</sys_created_by>
            <sys_created_on>2018-09-19 10:49:59</sys_created_on>
            <sys_id>24f4628bdb206700d5e7572e5e961913</sys_id>
            <sys_mod_count>0</sys_mod_count>
            <sys_updated_by>wolfgang</sys_updated_by>
            <sys_updated_on>2018-09-19 10:49:59</sys_updated_on>
        </sys_ui_list_element>
        <sys_ui_list_element action="INSERT_OR_UPDATE">
            <average_value>false</average_value>
            <element>filter_tags</element>
            <list_id display_value="x_dynat_ruxit_environments" element="NULL" name="x_dynat_ruxit_environments" parent="NULL" relationship="NULL" sys_domain="global" view="Default view">cf8751b8dbfa4f00d5e7572e5e9619b2</list_id>
            <max_value>false</max_value>
            <min_value>false</min_value>
            <position>4</position>
            <sum>false</sum>
            <sys_created_by>wolfgang</sys_created_by>
            <sys_created_on>2018-09-19 10:49:59</sys_created_on>
            <sys_id>a4f4628bdb206700d5e7572e5e961913</sys_id>
            <sys_mod_count>0</sys_mod_count>
            <sys_updated_by>wolfgang</sys_updated_by>
            <sys_updated_on>2018-09-19 10:49:59</sys_updated_on>
        </sys_ui_list_element>
        <sys_ui_list_element action="INSERT_OR_UPDATE">
            <average_value>false</average_value>
            <element>mid</element>
            <list_id display_value="x_dynat_ruxit_environments" element="NULL" name="x_dynat_ruxit_environments" parent="NULL" relationship="NULL" sys_domain="global" view="Default view">cf8751b8dbfa4f00d5e7572e5e9619b2</list_id>
            <max_value>false</max_value>
            <min_value>false</min_value>
            <position>5</position>
            <sum>false</sum>
            <sys_created_by>wolfgang</sys_created_by>
            <sys_created_on>2018-09-19 10:49:59</sys_created_on>
            <sys_id>28f4628bdb206700d5e7572e5e961913</sys_id>
            <sys_mod_count>0</sys_mod_count>
            <sys_updated_by>wolfgang</sys_updated_by>
            <sys_updated_on>2018-09-19 10:49:59</sys_updated_on>
        </sys_ui_list_element>
        <sys_ui_list action="INSERT_OR_UPDATE">
            <average_value>false</average_value>
            <element/>
            <max_value>false</max_value>
            <min_value>false</min_value>
            <name>x_dynat_ruxit_environments</name>
            <parent/>
            <position/>
            <relationship/>
            <sum>false</sum>
            <sys_class_name>sys_ui_list</sys_class_name>
            <sys_created_by>wolfgang</sys_created_by>
            <sys_created_on>2018-09-19 10:49:59</sys_created_on>
            <sys_domain>global</sys_domain>
            <sys_domain_path>/</sys_domain_path>
            <sys_id>cf8751b8dbfa4f00d5e7572e5e9619b2</sys_id>
            <sys_mod_count>0</sys_mod_count>
            <sys_name>x_dynat_ruxit_environments</sys_name>
            <sys_package display_value="Dynatrace CMDB Integration" source="x_dynat_ruxit">9f77f7a94f9f1200dbec7bb28110c7c2</sys_package>
            <sys_policy/>
            <sys_scope display_value="Dynatrace CMDB Integration">9f77f7a94f9f1200dbec7bb28110c7c2</sys_scope>
            <sys_update_name>sys_ui_list_x_dynat_ruxit_environments_null</sys_update_name>
            <sys_updated_by>wolfgang</sys_updated_by>
            <sys_updated_on>2018-09-19 10:49:59</sys_updated_on>
            <sys_user/>
            <view display_value="Default view" name="NULL">Default view</view>
            <view_name/>
        </sys_ui_list>
    </sys_ui_list>
</record_update>
