<?xml version="1.0" encoding="UTF-8"?><record_update table="sys_properties">
    <sys_properties action="INSERT_OR_UPDATE">
        <choices/>
        <description>Activate to import Dynatrace monitored servers into your CMDB</description>
        <ignore_cache>false</ignore_cache>
        <is_private>false</is_private>
        <name>x_dynat_ruxit.import_servers</name>
        <read_roles>admin,x_dynat_ruxit.Integration</read_roles>
        <suffix>import_servers</suffix>
        <sys_class_name>sys_properties</sys_class_name>
        <sys_created_by>admin2</sys_created_by>
        <sys_created_on>2019-03-16 16:18:01</sys_created_on>
        <sys_id>3e9ad0a4db9cb30088a33ebd7c96191c</sys_id>
        <sys_mod_count>3</sys_mod_count>
        <sys_name>x_dynat_ruxit.import_servers</sys_name>
        <sys_package display_value="Dynatrace CMDB Integration" source="x_dynat_ruxit">9f77f7a94f9f1200dbec7bb28110c7c2</sys_package>
        <sys_policy/>
        <sys_scope display_value="Dynatrace CMDB Integration">9f77f7a94f9f1200dbec7bb28110c7c2</sys_scope>
        <sys_update_name>sys_properties_3e9ad0a4db9cb30088a33ebd7c96191c</sys_update_name>
        <sys_updated_by>admin2</sys_updated_by>
        <sys_updated_on>2019-03-21 13:10:06</sys_updated_on>
        <type>boolean</type>
        <value>false</value>
        <write_roles>admin,x_dynat_ruxit.Integration</write_roles>
    </sys_properties>
    <sys_translated_text action="delete_multiple" query="documentkey=3e9ad0a4db9cb30088a33ebd7c96191c"/>
</record_update>
