<?xml version="1.0" encoding="UTF-8"?><record_update table="sys_properties">
    <sys_properties action="INSERT_OR_UPDATE">
        <choices/>
        <description>Automatically resolve incidents if the monitored problem is resolved.</description>
        <ignore_cache>false</ignore_cache>
        <is_private>false</is_private>
        <name>x_dynat_ruxit.autoresolveproblems</name>
        <read_roles>admin,x_dynat_ruxit.Integration</read_roles>
        <suffix>autoresolveproblems</suffix>
        <sys_class_name>sys_properties</sys_class_name>
        <sys_created_by>admin</sys_created_by>
        <sys_created_on>2016-07-22 11:33:13</sys_created_on>
        <sys_id>c3ff97014ff46640dbec7bb28110c72e</sys_id>
        <sys_mod_count>13</sys_mod_count>
        <sys_name>x_dynat_ruxit.autoresolveproblems</sys_name>
        <sys_package display_value="Dynatrace CMDB Integration" source="x_dynat_ruxit">9f77f7a94f9f1200dbec7bb28110c7c2</sys_package>
        <sys_policy/>
        <sys_scope display_value="Dynatrace CMDB Integration">9f77f7a94f9f1200dbec7bb28110c7c2</sys_scope>
        <sys_update_name>sys_properties_c3ff97014ff46640dbec7bb28110c72e</sys_update_name>
        <sys_updated_by>dt_support</sys_updated_by>
        <sys_updated_on>2018-04-25 20:08:24</sys_updated_on>
        <type>boolean</type>
        <value>true</value>
        <write_roles>admin,x_dynat_ruxit.Integration</write_roles>
    </sys_properties>
    <sys_translated_text action="delete_multiple" query="documentkey=c3ff97014ff46640dbec7bb28110c72e"/>
</record_update>
