<?xml version="1.0" encoding="UTF-8"?><record_update>
    <sys_ui_section caption="" section_id="e1bd26514ffbd600dbec7bb28110c77e" sys_domain="global" table="x_dynat_ruxit_problems" version="3" view="">
        <sys_ui_element action="INSERT_OR_UPDATE">
            <element>environment</element>
            <position>0</position>
            <sys_created_by>admin2</sys_created_by>
            <sys_created_on>2019-03-04 11:36:12</sys_created_on>
            <sys_id>c877a964db40f740190bd92b5e96193c</sys_id>
            <sys_mod_count>0</sys_mod_count>
            <sys_ui_formatter/>
            <sys_ui_section caption="NULL" display_value="" name="x_dynat_ruxit_problems" sys_domain="global" view="Default view">e1bd26514ffbd600dbec7bb28110c77e</sys_ui_section>
            <sys_updated_by>admin2</sys_updated_by>
            <sys_updated_on>2019-03-04 11:36:12</sys_updated_on>
            <sys_user/>
            <type/>
        </sys_ui_element>
        <sys_ui_element action="INSERT_OR_UPDATE">
            <element>problem_state</element>
            <position>1</position>
            <sys_created_by>admin2</sys_created_by>
            <sys_created_on>2019-03-04 11:36:12</sys_created_on>
            <sys_id>4c77a964db40f740190bd92b5e96193c</sys_id>
            <sys_mod_count>0</sys_mod_count>
            <sys_ui_formatter/>
            <sys_ui_section caption="NULL" display_value="" name="x_dynat_ruxit_problems" sys_domain="global" view="Default view">e1bd26514ffbd600dbec7bb28110c77e</sys_ui_section>
            <sys_updated_by>admin2</sys_updated_by>
            <sys_updated_on>2019-03-04 11:36:12</sys_updated_on>
            <sys_user/>
            <type/>
        </sys_ui_element>
        <sys_ui_element action="INSERT_OR_UPDATE">
            <element>impact_level</element>
            <position>2</position>
            <sys_created_by>admin2</sys_created_by>
            <sys_created_on>2019-03-04 11:36:12</sys_created_on>
            <sys_id>cc77a964db40f740190bd92b5e96193c</sys_id>
            <sys_mod_count>0</sys_mod_count>
            <sys_ui_formatter/>
            <sys_ui_section caption="NULL" display_value="" name="x_dynat_ruxit_problems" sys_domain="global" view="Default view">e1bd26514ffbd600dbec7bb28110c77e</sys_ui_section>
            <sys_updated_by>admin2</sys_updated_by>
            <sys_updated_on>2019-03-04 11:36:12</sys_updated_on>
            <sys_user/>
            <type/>
        </sys_ui_element>
        <sys_ui_element action="INSERT_OR_UPDATE">
            <element>number</element>
            <position>3</position>
            <sys_created_by>admin2</sys_created_by>
            <sys_created_on>2019-03-04 11:36:12</sys_created_on>
            <sys_id>4077a964db40f740190bd92b5e96193d</sys_id>
            <sys_mod_count>0</sys_mod_count>
            <sys_ui_formatter/>
            <sys_ui_section caption="NULL" display_value="" name="x_dynat_ruxit_problems" sys_domain="global" view="Default view">e1bd26514ffbd600dbec7bb28110c77e</sys_ui_section>
            <sys_updated_by>admin2</sys_updated_by>
            <sys_updated_on>2019-03-04 11:36:12</sys_updated_on>
            <sys_user/>
            <type/>
        </sys_ui_element>
        <sys_ui_element action="INSERT_OR_UPDATE">
            <element>problem_title</element>
            <position>4</position>
            <sys_created_by>admin2</sys_created_by>
            <sys_created_on>2019-03-04 11:36:12</sys_created_on>
            <sys_id>c077a964db40f740190bd92b5e96193d</sys_id>
            <sys_mod_count>0</sys_mod_count>
            <sys_ui_formatter/>
            <sys_ui_section caption="NULL" display_value="" name="x_dynat_ruxit_problems" sys_domain="global" view="Default view">e1bd26514ffbd600dbec7bb28110c77e</sys_ui_section>
            <sys_updated_by>admin2</sys_updated_by>
            <sys_updated_on>2019-03-04 11:36:12</sys_updated_on>
            <sys_user/>
            <type/>
        </sys_ui_element>
        <sys_ui_element action="INSERT_OR_UPDATE">
            <element>details</element>
            <position>5</position>
            <sys_created_by>admin2</sys_created_by>
            <sys_created_on>2019-03-04 11:36:12</sys_created_on>
            <sys_id>4477a964db40f740190bd92b5e96193d</sys_id>
            <sys_mod_count>0</sys_mod_count>
            <sys_ui_formatter/>
            <sys_ui_section caption="NULL" display_value="" name="x_dynat_ruxit_problems" sys_domain="global" view="Default view">e1bd26514ffbd600dbec7bb28110c77e</sys_ui_section>
            <sys_updated_by>admin2</sys_updated_by>
            <sys_updated_on>2019-03-04 11:36:12</sys_updated_on>
            <sys_user/>
            <type/>
        </sys_ui_element>
        <sys_ui_element action="INSERT_OR_UPDATE">
            <element>problem_url</element>
            <position>6</position>
            <sys_created_by>admin2</sys_created_by>
            <sys_created_on>2019-03-04 11:36:12</sys_created_on>
            <sys_id>c477a964db40f740190bd92b5e96193d</sys_id>
            <sys_mod_count>0</sys_mod_count>
            <sys_ui_formatter/>
            <sys_ui_section caption="NULL" display_value="" name="x_dynat_ruxit_problems" sys_domain="global" view="Default view">e1bd26514ffbd600dbec7bb28110c77e</sys_ui_section>
            <sys_updated_by>admin2</sys_updated_by>
            <sys_updated_on>2019-03-04 11:36:12</sys_updated_on>
            <sys_user/>
            <type/>
        </sys_ui_element>
        <sys_ui_element action="INSERT_OR_UPDATE">
            <element>problem_id</element>
            <position>7</position>
            <sys_created_by>admin2</sys_created_by>
            <sys_created_on>2019-03-04 11:36:12</sys_created_on>
            <sys_id>4877a964db40f740190bd92b5e96193d</sys_id>
            <sys_mod_count>0</sys_mod_count>
            <sys_ui_formatter/>
            <sys_ui_section caption="NULL" display_value="" name="x_dynat_ruxit_problems" sys_domain="global" view="Default view">e1bd26514ffbd600dbec7bb28110c77e</sys_ui_section>
            <sys_updated_by>admin2</sys_updated_by>
            <sys_updated_on>2019-03-04 11:36:12</sys_updated_on>
            <sys_user/>
            <type/>
        </sys_ui_element>
        <sys_ui_element action="INSERT_OR_UPDATE">
            <element>company</element>
            <position>8</position>
            <sys_created_by>admin2</sys_created_by>
            <sys_created_on>2019-03-04 11:36:12</sys_created_on>
            <sys_id>c877a964db40f740190bd92b5e96193d</sys_id>
            <sys_mod_count>0</sys_mod_count>
            <sys_ui_formatter/>
            <sys_ui_section caption="NULL" display_value="" name="x_dynat_ruxit_problems" sys_domain="global" view="Default view">e1bd26514ffbd600dbec7bb28110c77e</sys_ui_section>
            <sys_updated_by>admin2</sys_updated_by>
            <sys_updated_on>2019-03-04 11:36:12</sys_updated_on>
            <sys_user/>
            <type/>
        </sys_ui_element>
        <sys_ui_element action="INSERT_OR_UPDATE">
            <element>configuration_item</element>
            <position>9</position>
            <sys_created_by>admin2</sys_created_by>
            <sys_created_on>2019-03-04 11:36:12</sys_created_on>
            <sys_id>4c77a964db40f740190bd92b5e96193d</sys_id>
            <sys_mod_count>0</sys_mod_count>
            <sys_ui_formatter/>
            <sys_ui_section caption="NULL" display_value="" name="x_dynat_ruxit_problems" sys_domain="global" view="Default view">e1bd26514ffbd600dbec7bb28110c77e</sys_ui_section>
            <sys_updated_by>admin2</sys_updated_by>
            <sys_updated_on>2019-03-04 11:36:12</sys_updated_on>
            <sys_user/>
            <type/>
        </sys_ui_element>
        <sys_ui_element action="INSERT_OR_UPDATE">
            <element>assignment_group</element>
            <position>10</position>
            <sys_created_by>admin2</sys_created_by>
            <sys_created_on>2019-03-04 11:36:12</sys_created_on>
            <sys_id>cc77a964db40f740190bd92b5e96193d</sys_id>
            <sys_mod_count>0</sys_mod_count>
            <sys_ui_formatter/>
            <sys_ui_section caption="NULL" display_value="" name="x_dynat_ruxit_problems" sys_domain="global" view="Default view">e1bd26514ffbd600dbec7bb28110c77e</sys_ui_section>
            <sys_updated_by>admin2</sys_updated_by>
            <sys_updated_on>2019-03-04 11:36:12</sys_updated_on>
            <sys_user/>
            <type/>
        </sys_ui_element>
        <sys_ui_element action="INSERT_OR_UPDATE">
            <element>caller</element>
            <position>11</position>
            <sys_created_by>admin2</sys_created_by>
            <sys_created_on>2019-03-04 11:36:12</sys_created_on>
            <sys_id>4077a964db40f740190bd92b5e96193e</sys_id>
            <sys_mod_count>0</sys_mod_count>
            <sys_ui_formatter/>
            <sys_ui_section caption="NULL" display_value="" name="x_dynat_ruxit_problems" sys_domain="global" view="Default view">e1bd26514ffbd600dbec7bb28110c77e</sys_ui_section>
            <sys_updated_by>admin2</sys_updated_by>
            <sys_updated_on>2019-03-04 11:36:12</sys_updated_on>
            <sys_user/>
            <type/>
        </sys_ui_element>
        <sys_ui_element action="INSERT_OR_UPDATE">
            <element>category</element>
            <position>12</position>
            <sys_created_by>admin2</sys_created_by>
            <sys_created_on>2019-03-04 11:36:12</sys_created_on>
            <sys_id>c077a964db40f740190bd92b5e96193e</sys_id>
            <sys_mod_count>0</sys_mod_count>
            <sys_ui_formatter/>
            <sys_ui_section caption="NULL" display_value="" name="x_dynat_ruxit_problems" sys_domain="global" view="Default view">e1bd26514ffbd600dbec7bb28110c77e</sys_ui_section>
            <sys_updated_by>admin2</sys_updated_by>
            <sys_updated_on>2019-03-04 11:36:12</sys_updated_on>
            <sys_user/>
            <type/>
        </sys_ui_element>
        <sys_ui_element action="INSERT_OR_UPDATE">
            <element>subcategory</element>
            <position>13</position>
            <sys_created_by>admin2</sys_created_by>
            <sys_created_on>2019-03-04 11:36:12</sys_created_on>
            <sys_id>4477a964db40f740190bd92b5e96193e</sys_id>
            <sys_mod_count>0</sys_mod_count>
            <sys_ui_formatter/>
            <sys_ui_section caption="NULL" display_value="" name="x_dynat_ruxit_problems" sys_domain="global" view="Default view">e1bd26514ffbd600dbec7bb28110c77e</sys_ui_section>
            <sys_updated_by>admin2</sys_updated_by>
            <sys_updated_on>2019-03-04 11:36:12</sys_updated_on>
            <sys_user/>
            <type/>
        </sys_ui_element>
        <sys_ui_element action="INSERT_OR_UPDATE">
            <element>impact</element>
            <position>14</position>
            <sys_created_by>admin2</sys_created_by>
            <sys_created_on>2019-03-04 11:36:12</sys_created_on>
            <sys_id>c477a964db40f740190bd92b5e96193e</sys_id>
            <sys_mod_count>0</sys_mod_count>
            <sys_ui_formatter/>
            <sys_ui_section caption="NULL" display_value="" name="x_dynat_ruxit_problems" sys_domain="global" view="Default view">e1bd26514ffbd600dbec7bb28110c77e</sys_ui_section>
            <sys_updated_by>admin2</sys_updated_by>
            <sys_updated_on>2019-03-04 11:36:12</sys_updated_on>
            <sys_user/>
            <type/>
        </sys_ui_element>
        <sys_ui_element action="INSERT_OR_UPDATE">
            <element>urgency</element>
            <position>15</position>
            <sys_created_by>admin2</sys_created_by>
            <sys_created_on>2019-03-04 11:36:12</sys_created_on>
            <sys_id>4877a964db40f740190bd92b5e96193e</sys_id>
            <sys_mod_count>0</sys_mod_count>
            <sys_ui_formatter/>
            <sys_ui_section caption="NULL" display_value="" name="x_dynat_ruxit_problems" sys_domain="global" view="Default view">e1bd26514ffbd600dbec7bb28110c77e</sys_ui_section>
            <sys_updated_by>admin2</sys_updated_by>
            <sys_updated_on>2019-03-04 11:36:12</sys_updated_on>
            <sys_user/>
            <type/>
        </sys_ui_element>
        <sys_ui_element action="INSERT_OR_UPDATE">
            <element>tags</element>
            <position>16</position>
            <sys_created_by>admin2</sys_created_by>
            <sys_created_on>2019-03-04 11:36:12</sys_created_on>
            <sys_id>c877a964db40f740190bd92b5e96193e</sys_id>
            <sys_mod_count>0</sys_mod_count>
            <sys_ui_formatter/>
            <sys_ui_section caption="NULL" display_value="" name="x_dynat_ruxit_problems" sys_domain="global" view="Default view">e1bd26514ffbd600dbec7bb28110c77e</sys_ui_section>
            <sys_updated_by>admin2</sys_updated_by>
            <sys_updated_on>2019-03-04 11:36:12</sys_updated_on>
            <sys_user/>
            <type/>
        </sys_ui_element>
        <sys_ui_element action="INSERT_OR_UPDATE">
            <element>impacted_cis</element>
            <position>17</position>
            <sys_created_by>admin2</sys_created_by>
            <sys_created_on>2019-03-04 11:36:12</sys_created_on>
            <sys_id>4c77a964db40f740190bd92b5e96193e</sys_id>
            <sys_mod_count>0</sys_mod_count>
            <sys_ui_formatter/>
            <sys_ui_section caption="NULL" display_value="" name="x_dynat_ruxit_problems" sys_domain="global" view="Default view">e1bd26514ffbd600dbec7bb28110c77e</sys_ui_section>
            <sys_updated_by>admin2</sys_updated_by>
            <sys_updated_on>2019-03-04 11:36:12</sys_updated_on>
            <sys_user/>
            <type/>
        </sys_ui_element>
        <sys_ui_element action="INSERT_OR_UPDATE">
            <element>impacted_ci_names</element>
            <position>18</position>
            <sys_created_by>admin2</sys_created_by>
            <sys_created_on>2019-03-04 11:36:12</sys_created_on>
            <sys_id>cc77a964db40f740190bd92b5e96193e</sys_id>
            <sys_mod_count>0</sys_mod_count>
            <sys_ui_formatter/>
            <sys_ui_section caption="NULL" display_value="" name="x_dynat_ruxit_problems" sys_domain="global" view="Default view">e1bd26514ffbd600dbec7bb28110c77e</sys_ui_section>
            <sys_updated_by>admin2</sys_updated_by>
            <sys_updated_on>2019-03-04 11:36:12</sys_updated_on>
            <sys_user/>
            <type/>
        </sys_ui_element>
        <sys_ui_section action="INSERT_OR_UPDATE">
            <caption/>
            <header>false</header>
            <name>x_dynat_ruxit_problems</name>
            <roles/>
            <sys_class_name>sys_ui_section</sys_class_name>
            <sys_created_by>admin</sys_created_by>
            <sys_created_on>2016-06-03 09:27:12</sys_created_on>
            <sys_domain>global</sys_domain>
            <sys_domain_path>/</sys_domain_path>
            <sys_id>e1bd26514ffbd600dbec7bb28110c77e</sys_id>
            <sys_mod_count>0</sys_mod_count>
            <sys_name>x_dynat_ruxit_problems</sys_name>
            <sys_overrides/>
            <sys_package display_value="Dynatrace CMDB Integration" source="x_dynat_ruxit">9f77f7a94f9f1200dbec7bb28110c7c2</sys_package>
            <sys_policy/>
            <sys_scope display_value="Dynatrace CMDB Integration">9f77f7a94f9f1200dbec7bb28110c7c2</sys_scope>
            <sys_update_name>sys_ui_section_e1bd26514ffbd600dbec7bb28110c77e</sys_update_name>
            <sys_updated_by>admin</sys_updated_by>
            <sys_updated_on>2016-06-03 09:27:12</sys_updated_on>
            <sys_user/>
            <title>true</title>
            <view display_value="Default view" name="NULL">Default view</view>
            <view_name/>
        </sys_ui_section>
    </sys_ui_section>
</record_update>
