<?xml version="1.0" encoding="UTF-8"?><record_update table="ua_table_licensing_config">
    <ua_table_licensing_config action="INSERT_OR_UPDATE">
        <is_fulfillment>false</is_fulfillment>
        <license_condition/>
        <license_model>none</license_model>
        <license_roles/>
        <name>x_dynat_ruxit_affectedcis</name>
        <op_delete>true</op_delete>
        <op_insert>true</op_insert>
        <op_update>true</op_update>
        <owner_condition/>
        <sys_class_name>ua_table_licensing_config</sys_class_name>
        <sys_created_by>system</sys_created_by>
        <sys_created_on>2017-09-07 21:30:21</sys_created_on>
        <sys_id>63a36fabdb46ab00190bd92b5e961976</sys_id>
        <sys_mod_count>0</sys_mod_count>
        <sys_name>x_dynat_ruxit_affectedcis</sys_name>
        <sys_package display_value="Dynatrace CMDB Integration" source="x_dynat_ruxit">9f77f7a94f9f1200dbec7bb28110c7c2</sys_package>
        <sys_policy/>
        <sys_scope display_value="Dynatrace CMDB Integration">9f77f7a94f9f1200dbec7bb28110c7c2</sys_scope>
        <sys_update_name>ua_table_licensing_config_63a36fabdb46ab00190bd92b5e961976</sys_update_name>
        <sys_updated_by>system</sys_updated_by>
        <sys_updated_on>2017-09-07 21:30:21</sys_updated_on>
    </ua_table_licensing_config>
</record_update>
