<?xml version="1.0" encoding="UTF-8"?><database>
    <element extends="sys_import_set_row" label="Problems" max_length="40" name="x_dynat_ruxit_problems" type="collection">
        <element attributes="edge_encryption_enabled=true" label="Configuration Item" max_length="32" name="configuration_item" reference="cmdb_ci" type="reference"/>
        <element attributes="edge_encryption_enabled=true" label="Problem Details" max_length="4000" name="details" type="html"/>
        <element label="Environment" max_length="255" name="environment" type="string_full_utf8"/>
        <element label="Impacted CIs" max_length="2000" name="impacted_cis" type="string"/>
        <element label="Impacted CI Names" max_length="255" name="impacted_ci_names" type="string_full_utf8"/>
        <element label="Impact Level" max_length="30" name="impact_level" type="string"/>
        <element attributes="edge_encryption_enabled=true" display="true" label="Number" max_length="40" name="number" type="integer"/>
        <element label="Problem ID" max_length="100" name="problem_id" type="string_full_utf8"/>
        <element label="Problem State" max_length="20" name="problem_state" type="string"/>
        <element label="Problem Title" max_length="250" name="problem_title" type="string_full_utf8"/>
        <element label="Problem URL" max_length="1024" name="problem_url" type="url"/>
        <element label="Tags" max_length="2000" name="tags" type="string_full_utf8"/>
        <index name="index">
            <element name="configuration_item"/>
        </index>
    </element>
</database>
