<?xml version="1.0" encoding="UTF-8"?><database>
    <element label="Environments" max_length="40" name="x_dynat_ruxit_environments" type="collection">
        <element attributes="edge_encryption_enabled=true" default="true" display="true" label="Active" max_length="40" name="active" type="boolean"/>
        <element attributes="no_data_replicate=true,edge_encryption_enabled=true" label="Api token" mandatory="true" max_length="255" name="api_token" type="password2"/>
        <element label="Dynatrace environment URL" mandatory="true" max_length="1024" name="dynatrace_environment_api_url" type="url"/>
        <element label="Environment name" max_length="50" name="environment_name" type="string_full_utf8"/>
        <element label="Filter tags (comma separated)" max_length="255" name="filter_tags" type="string_full_utf8"/>
        <element attributes="edge_encryption_enabled=true" label="Mid (optional)" max_length="255" name="mid" reference="ecc_agent" type="reference"/>
        <index name="index">
            <element name="mid"/>
        </index>
    </element>
</database>
